[Licensing::Module] Trying to connect to existing licensing client channel...
Built from '6000.3/staging' branch; Version is '6000.3.8f1 (1c7db571dde0) revision 1867189'; Using compiler version '194234433'; Build Type 'Release'
[Licensing::IpcConnector] Successfully connected to: "LicenseClient-BINTANG" at "2026-04-03T14:38:46.4540172Z"
OS: 'Windows 11  (10.0.26200) CoreSingleLanguage' Language: 'en' Physical Memory: 20187 MB
BatchMode: 1, IsHumanControllingUs: 0, StartBugReporterOnCrash: 0, Is64bit: 1
System  architecture: x64
Process architecture: x64
Date: 2026-04-03T14:38:46Z

COMMAND LINE ARGUMENTS:
C:\Program Files\Unity\Hub\Editor\6000.3.8f1\Editor\Unity.exe
-adb2
-batchMode
-noUpm
-name
AssetImportWorker2
-projectPath
E:/Semester 4 PNJ/Game 2D/Pong/Pong2
-logFile
Logs/AssetImportWorker2.log
-srvPort
62312
-job-worker-count
9
-background-job-worker-count
8
-gc-helper-count
1
-name
AssetImport
Successfully changed project path to: E:/Semester 4 PNJ/Game 2D/Pong/Pong2
E:/Semester 4 PNJ/Game 2D/Pong/Pong2
[UnityMemory] Configuration Parameters - Can be set up in boot.config
    "memorysetup-temp-allocator-size-nav-mesh-worker=65536"
    "memorysetup-temp-allocator-size-audio-worker=65536"
    "memorysetup-temp-allocator-size-gfx=262144"
    "memorysetup-allocator-temp-initial-block-size-main=262144"
    "memorysetup-allocator-temp-initial-block-size-worker=262144"
    "memorysetup-temp-allocator-size-background-worker=32768"
    "memorysetup-temp-allocator-size-job-worker=262144"
    "memorysetup-temp-allocator-size-preload-manager=33554432"
    "memorysetup-temp-allocator-size-gi-baking-worker=262144"
    "memorysetup-temp-allocator-size-gi-baking-worker=262144"
    "memorysetup-temp-allocator-size-gi-baking-worker=262144"
    "memorysetup-temp-allocator-size-gi-baking-worker=262144"
    "memorysetup-temp-allocator-size-gi-baking-worker=262144"
    "memorysetup-bucket-allocator-granularity=16"
    "memorysetup-bucket-allocator-bucket-count=8"
    "memorysetup-bucket-allocator-block-size=33554432"
    "memorysetup-bucket-allocator-block-count=8"
    "memorysetup-main-allocator-block-size=16777216"
    "memorysetup-thread-allocator-block-size=16777216"
    "memorysetup-gfx-main-allocator-block-size=16777216"
    "memorysetup-gfx-thread-allocator-block-size=16777216"
    "memorysetup-cache-allocator-block-size=4194304"
    "memorysetup-typetree-allocator-block-size=2097152"
    "memorysetup-profiler-bucket-allocator-granularity=16"
    "memorysetup-profiler-bucket-allocator-bucket-count=8"
    "memorysetup-profiler-bucket-allocator-block-size=33554432"
    "memorysetup-profiler-bucket-allocator-block-count=8"
    "memorysetup-profiler-allocator-block-size=16777216"
    "memorysetup-profiler-editor-allocator-block-size=1048576"
    "memorysetup-temp-allocator-size-main=16777216"
    "memorysetup-job-temp-allocator-block-size=2097152"
    "memorysetup-job-temp-allocator-block-size-background=1048576"
    "memorysetup-job-temp-allocator-reduction-small-platforms=262144"
    "memorysetup-temp-allocator-size-cloud-worker=32768"
Player connection [27028]  Target information:

Player connection [27028]  * "[IP] 192.168.100.29 [Port] 0 [Flags] 2 [Guid] 2870705756 [EditorId] 2870705756 [Version] 1048832 [Id] WindowsEditor(7,LAPTOP-I56AEFA0) [Debug] 1 [PackageName] WindowsEditor [ProjectName] Editor" 

Player connection [27028]  * "[IP] 192.168.56.1 [Port] 0 [Flags] 2 [Guid] 2870705756 [EditorId] 2870705756 [Version] 1048832 [Id] WindowsEditor(7,LAPTOP-I56AEFA0) [Debug] 1 [PackageName] WindowsEditor [ProjectName] Editor" 

Player connection [27028] Host joined multi-casting on [225.0.0.222:54997]...
Player connection [27028] Host joined alternative multi-casting on [225.0.0.222:34997]...
JobSystem: Creating JobQueue using job-worker-count value 9
Input System module state changed to: Initialized.
[Physics::Module] Initialized fallback backend.
[Physics::Module] Id: 0xdecafbad
Library Redirect Path: Library/
[Physics::Module] Selected backend.
[Physics::Module] Name: PhysX
[Physics::Module] Id: 0xf2b8ea05
[Physics::Module] SDK Version: 4.1.2
[Physics::Module] Integration Version: 1.0.0
[Physics::Module] Threading Mode: Multi-Threaded
Refreshing native plugins compatible for Editor in 2.05 ms, found 4 plugins.
Preloading 0 native plugins for Editor in 0.00 ms.
Initialize engine version: 6000.3.8f1 (1c7db571dde0)
[Subsystems] Discovering subsystems at path C:/Program Files/Unity/Hub/Editor/6000.3.8f1/Editor/Data/Resources/UnitySubsystems
[Subsystems] Discovering subsystems at path E:/Semester 4 PNJ/Game 2D/Pong/Pong2/Assets
GfxDevice: creating device client; kGfxThreadingModeNonThreaded
Direct3D:
    Version:  Direct3D 11.0 [level 11.1]
    Renderer: NVIDIA GeForce RTX 4060 Laptop GPU (ID=0x28e0)
    Vendor:   NVIDIA
    VRAM:     7957 MB
    Driver:   32.0.15.8186
Initialize mono
Mono path[0] = 'C:/Program Files/Unity/Hub/Editor/6000.3.8f1/Editor/Data/Managed'
Mono path[1] = 'C:/Program Files/Unity/Hub/Editor/6000.3.8f1/Editor/Data/MonoBleedingEdge/lib/mono/unityjit-win32'
Mono config path = 'C:/Program Files/Unity/Hub/Editor/6000.3.8f1/Editor/Data/MonoBleedingEdge/etc'
Using monoOptions --debugger-agent=transport=dt_socket,embedding=1,server=y,suspend=n,address=127.0.0.1:56840
Begin MonoManager ReloadAssembly
Registering precompiled unity dll's ...
Register platform support module: C:/Program Files/Unity/Hub/Editor/6000.3.8f1/Editor/Data/PlaybackEngines/WebGLSupport/UnityEditor.WebGL.Extensions.dll
Register platform support module: C:/Program Files/Unity/Hub/Editor/6000.3.8f1/Editor/Data/PlaybackEngines/WindowsStandaloneSupport/UnityEditor.WindowsStandalone.Extensions.dll
Registered in 0.002382 seconds.
[Licensing::Client] Handshaking with LicensingClient:
  Version:                 1.17.4+4293ba1
  Session Id:              869538d5a7294810a3defe511a447f26
  Correlation Id:          9437040118e2cc8603f694ebc381e702
  External correlation Id: 852508886124520807
  Machine Id:              FmMOAjfODVRjBUR8OSX5xMqQxIg=
[Licensing::Module] Successfully connected to LicensingClient on channel: "LicenseClient-BINTANG" (connect: 0.00s, validation: 0.00s, handshake: 1.32s)
[Licensing::IpcConnector] Successfully connected to: "LicenseClient-BINTANG-notifications" at "2026-04-03T14:38:47.777438Z"
[Licensing::Module] Licensing Background thread has ended after 1.32s
- Loaded All Assemblies, in  0.492 seconds
Native extension for WindowsStandalone target not found
Native extension for WebGL target not found
ScheduleIndexationOnStartup MainProcess:False IndexOnStartup:True
Mono: successfully reloaded assembly
- Finished resetting the current domain, in  0.462 seconds
Domain Reload Profiling: 951ms
	BeginReloadAssembly (182ms)
		ExecutionOrderSort (0ms)
		DisableScriptedObjects (0ms)
		BackupInstance (0ms)
		ReleaseScriptingObjects (0ms)
		CreateAndSetChildDomain (2ms)
	RebuildCommonClasses (52ms)
	RebuildNativeTypeToScriptingClass (16ms)
	initialDomainReloadingComplete (54ms)
	LoadAllAssembliesAndSetupDomain (185ms)
		LoadAssemblies (177ms)
		RebuildTransferFunctionScriptingTraits (0ms)
		AnalyzeDomain (182ms)
			TypeCache.Refresh (180ms)
				TypeCache.ScanAssembly (166ms)
			BuildScriptInfoCaches (0ms)
			ResolveRequiredComponents (0ms)
	FinalizeReload (462ms)
		ReleaseScriptCaches (0ms)
		RebuildScriptCaches (0ms)
		SetupLoadedEditorAssemblies (414ms)
			LogAssemblyErrors (0ms)
			InitializePlatformSupportModulesInManaged (58ms)
			SetLoadedEditorAssemblies (4ms)
			BeforeProcessingInitializeOnLoad (96ms)
			ProcessInitializeOnLoadAttributes (183ms)
			ProcessInitializeOnLoadMethodAttributes (73ms)
			AfterProcessingInitializeOnLoad (0ms)
			EditorAssembliesLoaded (0ms)
		ExecutionOrderSort2 (0ms)
		AwakeInstancesAfterBackupRestoration (0ms)
========================================================================
Worker process is ready to serve import requests
Import Worker Mode flag is 0x00
Begin MonoManager ReloadAssembly
[Licensing::Client] Successfully resolved entitlement details
[Licensing::Module] License group:
  Id: 18968403685874-UnityPersXXXX
  Product: Unity Personal
  Type: Assigned
  Expiration: Unlimited
- Loaded All Assemblies, in  0.843 seconds
Refreshing native plugins compatible for Editor in 1.72 ms, found 4 plugins.
Native extension for WindowsStandalone target not found
Native extension for WebGL target not found
Package Manager log level set to [2]
[Package Manager] Failed to launch server process. Reason: Unity was launched with the -noUpm command-line argument
[Package Manager] Unable to send message (not connected to server process).
[Package Manager] Cannot connect to Unity Package Manager local server
ScheduleIndexationOnStartup MainProcess:False IndexOnStartup:True
Mono: successfully reloaded assembly
- Finished resetting the current domain, in  0.873 seconds
Domain Reload Profiling: 1713ms
	BeginReloadAssembly (188ms)
		ExecutionOrderSort (0ms)
		DisableScriptedObjects (6ms)
		BackupInstance (0ms)
		ReleaseScriptingObjects (0ms)
		CreateAndSetChildDomain (33ms)
	RebuildCommonClasses (37ms)
	RebuildNativeTypeToScriptingClass (12ms)
	initialDomainReloadingComplete (38ms)
	LoadAllAssembliesAndSetupDomain (565ms)
		LoadAssemblies (371ms)
		RebuildTransferFunctionScriptingTraits (0ms)
		AnalyzeDomain (298ms)
			TypeCache.Refresh (206ms)
				TypeCache.ScanAssembly (189ms)
			BuildScriptInfoCaches (77ms)
			ResolveRequiredComponents (11ms)
	FinalizeReload (874ms)
		ReleaseScriptCaches (0ms)
		RebuildScriptCaches (0ms)
		SetupLoadedEditorAssemblies (722ms)
			LogAssemblyErrors (0ms)
			InitializePlatformSupportModulesInManaged (3ms)
			SetLoadedEditorAssemblies (4ms)
			BeforeProcessingInitializeOnLoad (166ms)
			ProcessInitializeOnLoadAttributes (392ms)
			ProcessInitializeOnLoadMethodAttributes (150ms)
			AfterProcessingInitializeOnLoad (8ms)
			EditorAssembliesLoaded (0ms)
		ExecutionOrderSort2 (0ms)
		AwakeInstancesAfterBackupRestoration (6ms)
Launched and connected shader compiler UnityShaderCompiler.exe after 0.01 seconds
Refreshing native plugins compatible for Editor in 1.27 ms, found 4 plugins.
Preloading 0 native plugins for Editor in 0.00 ms.
Unloading 16 Unused Serialized files (Serialized files now loaded: 0)
Unloading 6909 unused Assets / (3.8 MB). Loaded Objects now: 7726.
Memory consumption went from 158.5 MB to 154.7 MB.
Total: 11.464300 ms (FindLiveObjects: 1.860800 ms CreateObjectMapping: 1.072800 ms MarkObjects: 6.334700 ms  DeleteObjects: 2.193900 ms)

========================================================================
Received Import Request.
  Time since last request: 568132.952182 seconds.
  path: Assets/DefaultVolumeProfile.asset
  artifactKey: Guid(3f9215ea0144899419cfbc0957140d3f) Importer(2089858483,b0f066a214c2f5e87bad3c948f4d605d)
Start importing Assets/DefaultVolumeProfile.asset using Guid(3f9215ea0144899419cfbc0957140d3f) Importer(2089858483,b0f066a214c2f5e87bad3c948f4d605d) (ScriptedImporter) -> (artifact id: '999c99a390b5f23968b12de6f518486f') in 0.114666 seconds
Number of updated asset objects reloaded before import = 2Number of asset objects unloaded after import = 0

========================================================================
Received Import Request.
  Time since last request: 0.347685 seconds.
  path: Assets/Settings/Renderer2D.asset
  artifactKey: Guid(424799608f7334c24bf367e4bbfa7f9a) Importer(2089858483,b0f066a214c2f5e87bad3c948f4d605d)
Start importing Assets/Settings/Renderer2D.asset using Guid(424799608f7334c24bf367e4bbfa7f9a) Importer(2089858483,b0f066a214c2f5e87bad3c948f4d605d) (ScriptedImporter) -> (artifact id: '78691b449f7cc76f52dec5ae6036799c') in 0.0666345 seconds
Number of updated asset objects reloaded before import = 0Number of asset objects unloaded after import = 1

========================================================================
Received Import Request.
  Time since last request: 155.328243 seconds.
  path: Assets/DefaultVolumeProfile.asset
  artifactKey: Guid(3f9215ea0144899419cfbc0957140d3f) Importer(815301076,1909f56bfc062723c751e8b465ee728b)
Start importing Assets/DefaultVolumeProfile.asset using Guid(3f9215ea0144899419cfbc0957140d3f) Importer(815301076,1909f56bfc062723c751e8b465ee728b) (PreviewImporter) -> (artifact id: '1e3ee85287093c2e01e2184a29fd3edf') in 0.0175765 seconds
Number of updated asset objects reloaded before import = 0Number of asset objects unloaded after import = 0

========================================================================
Received Import Request.
  Time since last request: 0.000022 seconds.
  path: Assets/UniversalRenderPipelineGlobalSettings.asset
  artifactKey: Guid(93b439a37f63240aca3dd4e01d978a9f) Importer(815301076,1909f56bfc062723c751e8b465ee728b)
Start importing Assets/UniversalRenderPipelineGlobalSettings.asset using Guid(93b439a37f63240aca3dd4e01d978a9f) Importer(815301076,1909f56bfc062723c751e8b465ee728b) (PreviewImporter) -> (artifact id: '203bbc4defbf8c9712ab868a8cd07966') in 0.0012251 seconds
Number of updated asset objects reloaded before import = 0Number of asset objects unloaded after import = 0

========================================================================
Received Import Request.
  Time since last request: 1106.157334 seconds.
  path: Assets/Scenes
  artifactKey: Guid(109e9bdd0fcc649c5bc59085c35bdc83) Importer(815301076,1909f56bfc062723c751e8b465ee728b)
Start importing Assets/Scenes using Guid(109e9bdd0fcc649c5bc59085c35bdc83) Importer(815301076,1909f56bfc062723c751e8b465ee728b) (PreviewImporter) -> (artifact id: 'afdff4c3a2fdaa6f8b2ca806ac4aa93d') in 0.0008356 seconds
Number of updated asset objects reloaded before import = 0Number of asset objects unloaded after import = 0

========================================================================
Received Prepare
Refreshing native plugins compatible for Editor in 5.68 ms, found 4 plugins.
Preloading 0 native plugins for Editor in 0.00 ms.
Unloading 16 Unused Serialized files (Serialized files now loaded: 0)
Unloading 6899 unused Assets / (4.5 MB). Loaded Objects now: 7730.
Memory consumption went from 157.1 MB to 152.6 MB.
Total: 49.193600 ms (FindLiveObjects: 1.841600 ms CreateObjectMapping: 1.234600 ms MarkObjects: 39.231400 ms  DeleteObjects: 6.883000 ms)

Prepare: number of updated asset objects reloaded= 0
========================================================================
Received Import Request.
  Time since last request: 39.711932 seconds.
  path: Assets/Scenes/NewEmptyCSharpScript.cs
  artifactKey: Guid(68c1c49e2364bbb4d93898ff2f348a28) Importer(2089858483,b0f066a214c2f5e87bad3c948f4d605d)
Start importing Assets/Scenes/NewEmptyCSharpScript.cs using Guid(68c1c49e2364bbb4d93898ff2f348a28) Importer(2089858483,b0f066a214c2f5e87bad3c948f4d605d) (ScriptedImporter) -> (artifact id: '343ca6407ffbd547848539ed0457727c') in 0.0760972 seconds
Number of updated asset objects reloaded before import = 0Number of asset objects unloaded after import = 0

========================================================================
Received Prepare
Begin MonoManager ReloadAssembly
[Licensing::Client] Successfully resolved entitlement details
- Loaded All Assemblies, in  0.743 seconds
Refreshing native plugins compatible for Editor in 0.76 ms, found 4 plugins.
Native extension for WindowsStandalone target not found
Native extension for WebGL target not found
[Package Manager] Failed to launch server process. Reason: Unity was launched with the -noUpm command-line argument
[Package Manager] Unable to send message (not connected to server process).
[Package Manager] Cannot connect to Unity Package Manager local server
ScheduleIndexationOnStartup MainProcess:False IndexOnStartup:True
Mono: successfully reloaded assembly
- Finished resetting the current domain, in  0.684 seconds
Domain Reload Profiling: 1429ms
	BeginReloadAssembly (228ms)
		ExecutionOrderSort (0ms)
		DisableScriptedObjects (12ms)
		BackupInstance (0ms)
		ReleaseScriptingObjects (0ms)
		CreateAndSetChildDomain (58ms)
	RebuildCommonClasses (35ms)
	RebuildNativeTypeToScriptingClass (13ms)
	initialDomainReloadingComplete (28ms)
	LoadAllAssembliesAndSetupDomain (440ms)
		LoadAssemblies (347ms)
		RebuildTransferFunctionScriptingTraits (0ms)
		AnalyzeDomain (193ms)
			TypeCache.Refresh (10ms)
				TypeCache.ScanAssembly (0ms)
			BuildScriptInfoCaches (169ms)
			ResolveRequiredComponents (10ms)
	FinalizeReload (685ms)
		ReleaseScriptCaches (0ms)
		RebuildScriptCaches (0ms)
		SetupLoadedEditorAssemblies (542ms)
			LogAssemblyErrors (0ms)
			InitializePlatformSupportModulesInManaged (2ms)
			SetLoadedEditorAssemblies (3ms)
			BeforeProcessingInitializeOnLoad (144ms)
			ProcessInitializeOnLoadAttributes (321ms)
			ProcessInitializeOnLoadMethodAttributes (64ms)
			AfterProcessingInitializeOnLoad (7ms)
			EditorAssembliesLoaded (0ms)
		ExecutionOrderSort2 (0ms)
		AwakeInstancesAfterBackupRestoration (15ms)
Refreshing native plugins compatible for Editor in 1.26 ms, found 4 plugins.
Preloading 0 native plugins for Editor in 0.00 ms.
Unloading 16 Unused Serialized files (Serialized files now loaded: 0)
Unloading 6908 unused Assets / (3.7 MB). Loaded Objects now: 7734.
Memory consumption went from 160.1 MB to 156.5 MB.
Total: 8.018700 ms (FindLiveObjects: 0.610300 ms CreateObjectMapping: 0.561400 ms MarkObjects: 5.181000 ms  DeleteObjects: 1.664300 ms)

Prepare: number of updated asset objects reloaded= 0
========================================================================
Received Import Request.
  Time since last request: 8.525852 seconds.
  path: Assets/Scenes/NewEmptyCSharpScript.cs
  artifactKey: Guid(68c1c49e2364bbb4d93898ff2f348a28) Importer(815301076,1909f56bfc062723c751e8b465ee728b)
Start importing Assets/Scenes/NewEmptyCSharpScript.cs using Guid(68c1c49e2364bbb4d93898ff2f348a28) Importer(815301076,1909f56bfc062723c751e8b465ee728b) (PreviewImporter) -> (artifact id: '2af6462fd2a60cd18c1f1dc96308f8f2') in 0.0071216 seconds
Number of updated asset objects reloaded before import = 0Number of asset objects unloaded after import = 0

========================================================================
Received Prepare
Refreshing native plugins compatible for Editor in 0.93 ms, found 4 plugins.
Preloading 0 native plugins for Editor in 0.00 ms.
Unloading 16 Unused Serialized files (Serialized files now loaded: 0)
Unloading 6898 unused Assets / (4.0 MB). Loaded Objects now: 7734.
Memory consumption went from 160.3 MB to 156.3 MB.
Total: 7.518800 ms (FindLiveObjects: 0.552400 ms CreateObjectMapping: 0.568400 ms MarkObjects: 4.821600 ms  DeleteObjects: 1.575300 ms)

Prepare: number of updated asset objects reloaded= 0
========================================================================
Received Import Request.
  Time since last request: 3.427452 seconds.
  path: Assets/Scenes/Paddle.cs
  artifactKey: Guid(68c1c49e2364bbb4d93898ff2f348a28) Importer(815301076,1909f56bfc062723c751e8b465ee728b)
Start importing Assets/Scenes/Paddle.cs using Guid(68c1c49e2364bbb4d93898ff2f348a28) Importer(815301076,1909f56bfc062723c751e8b465ee728b) (PreviewImporter) -> (artifact id: '9e4dddbf175969bed422f46ffaed18c0') in 0.0046665 seconds
Number of updated asset objects reloaded before import = 0Number of asset objects unloaded after import = 0

========================================================================
Received Prepare
Begin MonoManager ReloadAssembly
- Loaded All Assemblies, in  4.047 seconds
Refreshing native plugins compatible for Editor in 7.28 ms, found 4 plugins.
Native extension for WindowsStandalone target not found
Native extension for WebGL target not found
[Package Manager] Failed to launch server process. Reason: Unity was launched with the -noUpm command-line argument
[Package Manager] Unable to send message (not connected to server process).
[Package Manager] Cannot connect to Unity Package Manager local server
ScheduleIndexationOnStartup MainProcess:False IndexOnStartup:True
Mono: successfully reloaded assembly
- Finished resetting the current domain, in  3.270 seconds
Domain Reload Profiling: 7291ms
	BeginReloadAssembly (1042ms)
		ExecutionOrderSort (0ms)
		DisableScriptedObjects (65ms)
		BackupInstance (0ms)
		ReleaseScriptingObjects (1ms)
		CreateAndSetChildDomain (210ms)
	RebuildCommonClasses (185ms)
	RebuildNativeTypeToScriptingClass (71ms)
	initialDomainReloadingComplete (186ms)
	LoadAllAssembliesAndSetupDomain (2537ms)
		LoadAssemblies (2058ms)
		RebuildTransferFunctionScriptingTraits (0ms)
		AnalyzeDomain (1030ms)
			TypeCache.Refresh (42ms)
				TypeCache.ScanAssembly (0ms)
			BuildScriptInfoCaches (915ms)
			ResolveRequiredComponents (56ms)
	FinalizeReload (3270ms)
		ReleaseScriptCaches (0ms)
		RebuildScriptCaches (0ms)
		SetupLoadedEditorAssemblies (2586ms)
			LogAssemblyErrors (0ms)
			InitializePlatformSupportModulesInManaged (9ms)
			SetLoadedEditorAssemblies (24ms)
			BeforeProcessingInitializeOnLoad (667ms)
			ProcessInitializeOnLoadAttributes (1529ms)
			ProcessInitializeOnLoadMethodAttributes (317ms)
			AfterProcessingInitializeOnLoad (39ms)
			EditorAssembliesLoaded (1ms)
		ExecutionOrderSort2 (0ms)
		AwakeInstancesAfterBackupRestoration (65ms)
Refreshing native plugins compatible for Editor in 6.55 ms, found 4 plugins.
Preloading 0 native plugins for Editor in 0.00 ms.
Unloading 16 Unused Serialized files (Serialized files now loaded: 0)
Unloading 6908 unused Assets / (4.3 MB). Loaded Objects now: 7737.
Memory consumption went from 160.2 MB to 155.9 MB.
Total: 29.794100 ms (FindLiveObjects: 1.643400 ms CreateObjectMapping: 1.521200 ms MarkObjects: 21.202400 ms  DeleteObjects: 5.424300 ms)

Prepare: number of updated asset objects reloaded= 0
========================================================================
Received Import Request.
  Time since last request: 25.189616 seconds.
  path: Assets/Scenes/Paddle.cs
  artifactKey: Guid(68c1c49e2364bbb4d93898ff2f348a28) Importer(815301076,1909f56bfc062723c751e8b465ee728b)
Start importing Assets/Scenes/Paddle.cs using Guid(68c1c49e2364bbb4d93898ff2f348a28) Importer(815301076,1909f56bfc062723c751e8b465ee728b) (PreviewImporter) -> (artifact id: 'e94f7e0d02b488b46057223b3707ed8c') in 0.0184479 seconds
Number of updated asset objects reloaded before import = 0Number of asset objects unloaded after import = 0

========================================================================
Received Prepare
Begin MonoManager ReloadAssembly
[Licensing::Client] Successfully resolved entitlement details
- Loaded All Assemblies, in  3.582 seconds
Refreshing native plugins compatible for Editor in 8.67 ms, found 4 plugins.
Native extension for WindowsStandalone target not found
Native extension for WebGL target not found
[Package Manager] Failed to launch server process. Reason: Unity was launched with the -noUpm command-line argument
[Package Manager] Unable to send message (not connected to server process).
[Package Manager] Cannot connect to Unity Package Manager local server
ScheduleIndexationOnStartup MainProcess:False IndexOnStartup:True
Mono: successfully reloaded assembly
- Finished resetting the current domain, in  5.004 seconds
Domain Reload Profiling: 8583ms
	BeginReloadAssembly (823ms)
		ExecutionOrderSort (0ms)
		DisableScriptedObjects (57ms)
		BackupInstance (0ms)
		ReleaseScriptingObjects (0ms)
		CreateAndSetChildDomain (158ms)
	RebuildCommonClasses (142ms)
	RebuildNativeTypeToScriptingClass (64ms)
	initialDomainReloadingComplete (139ms)
	LoadAllAssembliesAndSetupDomain (2408ms)
		LoadAssemblies (1447ms)
		RebuildTransferFunctionScriptingTraits (0ms)
		AnalyzeDomain (1363ms)
			TypeCache.Refresh (29ms)
				TypeCache.ScanAssembly (0ms)
			BuildScriptInfoCaches (1246ms)
			ResolveRequiredComponents (66ms)
	FinalizeReload (5006ms)
		ReleaseScriptCaches (0ms)
		RebuildScriptCaches (0ms)
		SetupLoadedEditorAssemblies (3454ms)
			LogAssemblyErrors (0ms)
			InitializePlatformSupportModulesInManaged (15ms)
			SetLoadedEditorAssemblies (32ms)
			BeforeProcessingInitializeOnLoad (1096ms)
			ProcessInitializeOnLoadAttributes (1886ms)
			ProcessInitializeOnLoadMethodAttributes (377ms)
			AfterProcessingInitializeOnLoad (48ms)
			EditorAssembliesLoaded (1ms)
		ExecutionOrderSort2 (0ms)
		AwakeInstancesAfterBackupRestoration (64ms)
Refreshing native plugins compatible for Editor in 6.49 ms, found 4 plugins.
Preloading 0 native plugins for Editor in 0.00 ms.
Unloading 16 Unused Serialized files (Serialized files now loaded: 0)
Unloading 6908 unused Assets / (4.1 MB). Loaded Objects now: 7740.
Memory consumption went from 160.2 MB to 156.1 MB.
Total: 28.483000 ms (FindLiveObjects: 1.779000 ms CreateObjectMapping: 1.173500 ms MarkObjects: 18.804800 ms  DeleteObjects: 6.722500 ms)

Prepare: number of updated asset objects reloaded= 0
========================================================================
Received Import Request.
  Time since last request: 150.581482 seconds.
  path: Assets/Scenes/Paddle.cs
  artifactKey: Guid(68c1c49e2364bbb4d93898ff2f348a28) Importer(815301076,1909f56bfc062723c751e8b465ee728b)
Start importing Assets/Scenes/Paddle.cs using Guid(68c1c49e2364bbb4d93898ff2f348a28) Importer(815301076,1909f56bfc062723c751e8b465ee728b) (PreviewImporter) -> (artifact id: '00000000000000000000000000000000') in 0.0137445 seconds
Import Error Code:(4)
Message: Build asset version error: assets/scenes/paddle.cs in SourceAssetDB has modification time of '2026-04-03T15:03:03.2564597Z' while content on disk has modification time of '2026-04-03T15:03:37.0797092Z'
  ERROR: Build asset version error: assets/scenes/paddle.cs in SourceAssetDB has modification time of '2026-04-03T15:03:03.2564597Z' while content on disk has modification time of '2026-04-03T15:03:37.0797092Z'
Number of updated asset objects reloaded before import = 0Number of asset objects unloaded after import = 0

========================================================================
Received Import Request.
  Time since last request: 0.000045 seconds.
  path: Assets/Scenes/Paddle.cs
  artifactKey: Guid(68c1c49e2364bbb4d93898ff2f348a28) Importer(815301076,1909f56bfc062723c751e8b465ee728b)
Start importing Assets/Scenes/Paddle.cs using Guid(68c1c49e2364bbb4d93898ff2f348a28) Importer(815301076,1909f56bfc062723c751e8b465ee728b) (PreviewImporter) -> (artifact id: '00000000000000000000000000000000') in 0.0012749 seconds
Import Error Code:(4)
Message: Build asset version error: assets/scenes/paddle.cs in SourceAssetDB has modification time of '2026-04-03T15:03:03.2564597Z' while content on disk has modification time of '2026-04-03T15:03:37.0797092Z'
  ERROR: Build asset version error: assets/scenes/paddle.cs in SourceAssetDB has modification time of '2026-04-03T15:03:03.2564597Z' while content on disk has modification time of '2026-04-03T15:03:37.0797092Z'
Number of updated asset objects reloaded before import = 0Number of asset objects unloaded after import = 0

========================================================================
Received Import Request.
  Time since last request: 0.000063 seconds.
  path: Assets/Scenes/Paddle.cs
  artifactKey: Guid(68c1c49e2364bbb4d93898ff2f348a28) Importer(815301076,1909f56bfc062723c751e8b465ee728b)
Start importing Assets/Scenes/Paddle.cs using Guid(68c1c49e2364bbb4d93898ff2f348a28) Importer(815301076,1909f56bfc062723c751e8b465ee728b) (PreviewImporter) -> (artifact id: '00000000000000000000000000000000') in 0.0019523 seconds
Import Error Code:(4)
Message: Build asset version error: assets/scenes/paddle.cs in SourceAssetDB has modification time of '2026-04-03T15:03:03.2564597Z' while content on disk has modification time of '2026-04-03T15:03:37.0797092Z'
  ERROR: Build asset version error: assets/scenes/paddle.cs in SourceAssetDB has modification time of '2026-04-03T15:03:03.2564597Z' while content on disk has modification time of '2026-04-03T15:03:37.0797092Z'
Number of updated asset objects reloaded before import = 0Number of asset objects unloaded after import = 0

========================================================================
Received Import Request.
  Time since last request: 0.000023 seconds.
  path: Assets/Scenes/Paddle.cs
  artifactKey: Guid(68c1c49e2364bbb4d93898ff2f348a28) Importer(815301076,1909f56bfc062723c751e8b465ee728b)
Start importing Assets/Scenes/Paddle.cs using Guid(68c1c49e2364bbb4d93898ff2f348a28) Importer(815301076,1909f56bfc062723c751e8b465ee728b) (PreviewImporter) -> (artifact id: '00000000000000000000000000000000') in 0.001601 seconds
Import Error Code:(4)
Message: Build asset version error: assets/scenes/paddle.cs in SourceAssetDB has modification time of '2026-04-03T15:03:03.2564597Z' while content on disk has modification time of '2026-04-03T15:03:37.0797092Z'
  ERROR: Build asset version error: assets/scenes/paddle.cs in SourceAssetDB has modification time of '2026-04-03T15:03:03.2564597Z' while content on disk has modification time of '2026-04-03T15:03:37.0797092Z'
Number of updated asset objects reloaded before import = 0Number of asset objects unloaded after import = 0

========================================================================
Received Import Request.
  Time since last request: 0.000047 seconds.
  path: Assets/Scenes/Paddle.cs
  artifactKey: Guid(68c1c49e2364bbb4d93898ff2f348a28) Importer(815301076,1909f56bfc062723c751e8b465ee728b)
Start importing Assets/Scenes/Paddle.cs using Guid(68c1c49e2364bbb4d93898ff2f348a28) Importer(815301076,1909f56bfc062723c751e8b465ee728b) (PreviewImporter) -> (artifact id: '00000000000000000000000000000000') in 0.0011665 seconds
Import Error Code:(4)
Message: Build asset version error: assets/scenes/paddle.cs in SourceAssetDB has modification time of '2026-04-03T15:03:03.2564597Z' while content on disk has modification time of '2026-04-03T15:03:37.0797092Z'
  ERROR: Build asset version error: assets/scenes/paddle.cs in SourceAssetDB has modification time of '2026-04-03T15:03:03.2564597Z' while content on disk has modification time of '2026-04-03T15:03:37.0797092Z'
Number of updated asset objects reloaded before import = 0Number of asset objects unloaded after import = 0

========================================================================
Received Import Request.
  Time since last request: 0.000062 seconds.
  path: Assets/Scenes/Paddle.cs
  artifactKey: Guid(68c1c49e2364bbb4d93898ff2f348a28) Importer(815301076,1909f56bfc062723c751e8b465ee728b)
Start importing Assets/Scenes/Paddle.cs using Guid(68c1c49e2364bbb4d93898ff2f348a28) Importer(815301076,1909f56bfc062723c751e8b465ee728b) (PreviewImporter) -> (artifact id: '00000000000000000000000000000000') in 0.0011626 seconds
Import Error Code:(4)
Message: Build asset version error: assets/scenes/paddle.cs in SourceAssetDB has modification time of '2026-04-03T15:03:03.2564597Z' while content on disk has modification time of '2026-04-03T15:03:37.0797092Z'
  ERROR: Build asset version error: assets/scenes/paddle.cs in SourceAssetDB has modification time of '2026-04-03T15:03:03.2564597Z' while content on disk has modification time of '2026-04-03T15:03:37.0797092Z'
Number of updated asset objects reloaded before import = 0Number of asset objects unloaded after import = 0

========================================================================
Received Import Request.
  Time since last request: 0.000315 seconds.
  path: Assets/Scenes/Paddle.cs
  artifactKey: Guid(68c1c49e2364bbb4d93898ff2f348a28) Importer(815301076,1909f56bfc062723c751e8b465ee728b)
Start importing Assets/Scenes/Paddle.cs using Guid(68c1c49e2364bbb4d93898ff2f348a28) Importer(815301076,1909f56bfc062723c751e8b465ee728b) (PreviewImporter) -> (artifact id: '00000000000000000000000000000000') in 0.0023079 seconds
Import Error Code:(4)
Message: Build asset version error: assets/scenes/paddle.cs in SourceAssetDB has modification time of '2026-04-03T15:03:03.2564597Z' while content on disk has modification time of '2026-04-03T15:03:37.0797092Z'
  ERROR: Build asset version error: assets/scenes/paddle.cs in SourceAssetDB has modification time of '2026-04-03T15:03:03.2564597Z' while content on disk has modification time of '2026-04-03T15:03:37.0797092Z'
Number of updated asset objects reloaded before import = 0Number of asset objects unloaded after import = 0

========================================================================
Received Import Request.
  Time since last request: 0.000044 seconds.
  path: Assets/Scenes/Paddle.cs
  artifactKey: Guid(68c1c49e2364bbb4d93898ff2f348a28) Importer(815301076,1909f56bfc062723c751e8b465ee728b)
Start importing Assets/Scenes/Paddle.cs using Guid(68c1c49e2364bbb4d93898ff2f348a28) Importer(815301076,1909f56bfc062723c751e8b465ee728b) (PreviewImporter) -> (artifact id: '00000000000000000000000000000000') in 0.001914 seconds
Import Error Code:(4)
Message: Build asset version error: assets/scenes/paddle.cs in SourceAssetDB has modification time of '2026-04-03T15:03:03.2564597Z' while content on disk has modification time of '2026-04-03T15:03:37.0797092Z'
  ERROR: Build asset version error: assets/scenes/paddle.cs in SourceAssetDB has modification time of '2026-04-03T15:03:03.2564597Z' while content on disk has modification time of '2026-04-03T15:03:37.0797092Z'
Number of updated asset objects reloaded before import = 0Number of asset objects unloaded after import = 0

========================================================================
Received Import Request.
  Time since last request: 0.000293 seconds.
  path: Assets/Scenes/Paddle.cs
  artifactKey: Guid(68c1c49e2364bbb4d93898ff2f348a28) Importer(815301076,1909f56bfc062723c751e8b465ee728b)
Start importing Assets/Scenes/Paddle.cs using Guid(68c1c49e2364bbb4d93898ff2f348a28) Importer(815301076,1909f56bfc062723c751e8b465ee728b) (PreviewImporter) -> (artifact id: '00000000000000000000000000000000') in 0.0024733 seconds
Import Error Code:(4)
Message: Build asset version error: assets/scenes/paddle.cs in SourceAssetDB has modification time of '2026-04-03T15:03:03.2564597Z' while content on disk has modification time of '2026-04-03T15:03:37.0797092Z'
  ERROR: Build asset version error: assets/scenes/paddle.cs in SourceAssetDB has modification time of '2026-04-03T15:03:03.2564597Z' while content on disk has modification time of '2026-04-03T15:03:37.0797092Z'
Number of updated asset objects reloaded before import = 0Number of asset objects unloaded after import = 0

========================================================================
Received Import Request.
  Time since last request: 0.000040 seconds.
  path: Assets/Scenes/Paddle.cs
  artifactKey: Guid(68c1c49e2364bbb4d93898ff2f348a28) Importer(815301076,1909f56bfc062723c751e8b465ee728b)
Start importing Assets/Scenes/Paddle.cs using Guid(68c1c49e2364bbb4d93898ff2f348a28) Importer(815301076,1909f56bfc062723c751e8b465ee728b) (PreviewImporter) -> (artifact id: '00000000000000000000000000000000') in 0.0036931 seconds
Import Error Code:(4)
Message: Build asset version error: assets/scenes/paddle.cs in SourceAssetDB has modification time of '2026-04-03T15:03:03.2564597Z' while content on disk has modification time of '2026-04-03T15:03:37.0797092Z'
  ERROR: Build asset version error: assets/scenes/paddle.cs in SourceAssetDB has modification time of '2026-04-03T15:03:03.2564597Z' while content on disk has modification time of '2026-04-03T15:03:37.0797092Z'
Number of updated asset objects reloaded before import = 0Number of asset objects unloaded after import = 0

========================================================================
Received Import Request.
  Time since last request: 0.000053 seconds.
  path: Assets/Scenes/Paddle.cs
  artifactKey: Guid(68c1c49e2364bbb4d93898ff2f348a28) Importer(815301076,1909f56bfc062723c751e8b465ee728b)
Start importing Assets/Scenes/Paddle.cs using Guid(68c1c49e2364bbb4d93898ff2f348a28) Importer(815301076,1909f56bfc062723c751e8b465ee728b) (PreviewImporter) -> (artifact id: '00000000000000000000000000000000') in 0.0032656 seconds
Import Error Code:(4)
Message: Build asset version error: assets/scenes/paddle.cs in SourceAssetDB has modification time of '2026-04-03T15:03:03.2564597Z' while content on disk has modification time of '2026-04-03T15:03:37.0797092Z'
  ERROR: Build asset version error: assets/scenes/paddle.cs in SourceAssetDB has modification time of '2026-04-03T15:03:03.2564597Z' while content on disk has modification time of '2026-04-03T15:03:37.0797092Z'
Number of updated asset objects reloaded before import = 0Number of asset objects unloaded after import = 0

========================================================================
Received Import Request.
  Time since last request: 0.000171 seconds.
  path: Assets/Scenes/Paddle.cs
  artifactKey: Guid(68c1c49e2364bbb4d93898ff2f348a28) Importer(815301076,1909f56bfc062723c751e8b465ee728b)
Start importing Assets/Scenes/Paddle.cs using Guid(68c1c49e2364bbb4d93898ff2f348a28) Importer(815301076,1909f56bfc062723c751e8b465ee728b) (PreviewImporter) -> (artifact id: '00000000000000000000000000000000') in 0.003379 seconds
Import Error Code:(4)
Message: Build asset version error: assets/scenes/paddle.cs in SourceAssetDB has modification time of '2026-04-03T15:03:03.2564597Z' while content on disk has modification time of '2026-04-03T15:03:37.0797092Z'
  ERROR: Build asset version error: assets/scenes/paddle.cs in SourceAssetDB has modification time of '2026-04-03T15:03:03.2564597Z' while content on disk has modification time of '2026-04-03T15:03:37.0797092Z'
Number of updated asset objects reloaded before import = 0Number of asset objects unloaded after import = 0

========================================================================
Received Import Request.
  Time since last request: 0.000029 seconds.
  path: Assets/Scenes/Paddle.cs
  artifactKey: Guid(68c1c49e2364bbb4d93898ff2f348a28) Importer(815301076,1909f56bfc062723c751e8b465ee728b)
Start importing Assets/Scenes/Paddle.cs using Guid(68c1c49e2364bbb4d93898ff2f348a28) Importer(815301076,1909f56bfc062723c751e8b465ee728b) (PreviewImporter) -> (artifact id: '00000000000000000000000000000000') in 0.0012117 seconds
Import Error Code:(4)
Message: Build asset version error: assets/scenes/paddle.cs in SourceAssetDB has modification time of '2026-04-03T15:03:03.2564597Z' while content on disk has modification time of '2026-04-03T15:03:37.0797092Z'
  ERROR: Build asset version error: assets/scenes/paddle.cs in SourceAssetDB has modification time of '2026-04-03T15:03:03.2564597Z' while content on disk has modification time of '2026-04-03T15:03:37.0797092Z'
Number of updated asset objects reloaded before import = 0Number of asset objects unloaded after import = 0

========================================================================
Received Import Request.
  Time since last request: 0.000043 seconds.
  path: Assets/Scenes/Paddle.cs
  artifactKey: Guid(68c1c49e2364bbb4d93898ff2f348a28) Importer(815301076,1909f56bfc062723c751e8b465ee728b)
Start importing Assets/Scenes/Paddle.cs using Guid(68c1c49e2364bbb4d93898ff2f348a28) Importer(815301076,1909f56bfc062723c751e8b465ee728b) (PreviewImporter) -> (artifact id: '00000000000000000000000000000000') in 0.001928 seconds
Import Error Code:(4)
Message: Build asset version error: assets/scenes/paddle.cs in SourceAssetDB has modification time of '2026-04-03T15:03:03.2564597Z' while content on disk has modification time of '2026-04-03T15:03:37.0797092Z'
  ERROR: Build asset version error: assets/scenes/paddle.cs in SourceAssetDB has modification time of '2026-04-03T15:03:03.2564597Z' while content on disk has modification time of '2026-04-03T15:03:37.0797092Z'
Number of updated asset objects reloaded before import = 0Number of asset objects unloaded after import = 0

========================================================================
Received Import Request.
  Time since last request: 0.000054 seconds.
  path: Assets/Scenes/Paddle.cs
  artifactKey: Guid(68c1c49e2364bbb4d93898ff2f348a28) Importer(815301076,1909f56bfc062723c751e8b465ee728b)
Start importing Assets/Scenes/Paddle.cs using Guid(68c1c49e2364bbb4d93898ff2f348a28) Importer(815301076,1909f56bfc062723c751e8b465ee728b) (PreviewImporter) -> (artifact id: '00000000000000000000000000000000') in 0.0011444 seconds
Import Error Code:(4)
Message: Build asset version error: assets/scenes/paddle.cs in SourceAssetDB has modification time of '2026-04-03T15:03:03.2564597Z' while content on disk has modification time of '2026-04-03T15:03:37.0797092Z'
  ERROR: Build asset version error: assets/scenes/paddle.cs in SourceAssetDB has modification time of '2026-04-03T15:03:03.2564597Z' while content on disk has modification time of '2026-04-03T15:03:37.0797092Z'
Number of updated asset objects reloaded before import = 0Number of asset objects unloaded after import = 0

========================================================================
Received Import Request.
  Time since last request: 0.000102 seconds.
  path: Assets/Scenes/Paddle.cs
  artifactKey: Guid(68c1c49e2364bbb4d93898ff2f348a28) Importer(815301076,1909f56bfc062723c751e8b465ee728b)
Start importing Assets/Scenes/Paddle.cs using Guid(68c1c49e2364bbb4d93898ff2f348a28) Importer(815301076,1909f56bfc062723c751e8b465ee728b) (PreviewImporter) -> (artifact id: '00000000000000000000000000000000') in 0.0009698 seconds
Import Error Code:(4)
Message: Build asset version error: assets/scenes/paddle.cs in SourceAssetDB has modification time of '2026-04-03T15:03:03.2564597Z' while content on disk has modification time of '2026-04-03T15:03:37.0797092Z'
  ERROR: Build asset version error: assets/scenes/paddle.cs in SourceAssetDB has modification time of '2026-04-03T15:03:03.2564597Z' while content on disk has modification time of '2026-04-03T15:03:37.0797092Z'
Number of updated asset objects reloaded before import = 0Number of asset objects unloaded after import = 0

========================================================================
Received Import Request.
  Time since last request: 0.000047 seconds.
  path: Assets/Scenes/Paddle.cs
  artifactKey: Guid(68c1c49e2364bbb4d93898ff2f348a28) Importer(815301076,1909f56bfc062723c751e8b465ee728b)
Start importing Assets/Scenes/Paddle.cs using Guid(68c1c49e2364bbb4d93898ff2f348a28) Importer(815301076,1909f56bfc062723c751e8b465ee728b) (PreviewImporter) -> (artifact id: '00000000000000000000000000000000') in 0.0014402 seconds
Import Error Code:(4)
Message: Build asset version error: assets/scenes/paddle.cs in SourceAssetDB has modification time of '2026-04-03T15:03:03.2564597Z' while content on disk has modification time of '2026-04-03T15:03:37.0797092Z'
  ERROR: Build asset version error: assets/scenes/paddle.cs in SourceAssetDB has modification time of '2026-04-03T15:03:03.2564597Z' while content on disk has modification time of '2026-04-03T15:03:37.0797092Z'
Number of updated asset objects reloaded before import = 0Number of asset objects unloaded after import = 0

========================================================================
Received Import Request.
  Time since last request: 0.000056 seconds.
  path: Assets/Scenes/Paddle.cs
  artifactKey: Guid(68c1c49e2364bbb4d93898ff2f348a28) Importer(815301076,1909f56bfc062723c751e8b465ee728b)
Start importing Assets/Scenes/Paddle.cs using Guid(68c1c49e2364bbb4d93898ff2f348a28) Importer(815301076,1909f56bfc062723c751e8b465ee728b) (PreviewImporter) -> (artifact id: '00000000000000000000000000000000') in 0.0012607 seconds
Import Error Code:(4)
Message: Build asset version error: assets/scenes/paddle.cs in SourceAssetDB has modification time of '2026-04-03T15:03:03.2564597Z' while content on disk has modification time of '2026-04-03T15:03:37.0797092Z'
  ERROR: Build asset version error: assets/scenes/paddle.cs in SourceAssetDB has modification time of '2026-04-03T15:03:03.2564597Z' while content on disk has modification time of '2026-04-03T15:03:37.0797092Z'
Number of updated asset objects reloaded before import = 0Number of asset objects unloaded after import = 0

========================================================================
Received Import Request.
  Time since last request: 0.000039 seconds.
  path: Assets/Scenes/Paddle.cs
  artifactKey: Guid(68c1c49e2364bbb4d93898ff2f348a28) Importer(815301076,1909f56bfc062723c751e8b465ee728b)
Start importing Assets/Scenes/Paddle.cs using Guid(68c1c49e2364bbb4d93898ff2f348a28) Importer(815301076,1909f56bfc062723c751e8b465ee728b) (PreviewImporter) -> (artifact id: '00000000000000000000000000000000') in 0.0014069 seconds
Import Error Code:(4)
Message: Build asset version error: assets/scenes/paddle.cs in SourceAssetDB has modification time of '2026-04-03T15:03:03.2564597Z' while content on disk has modification time of '2026-04-03T15:03:37.0797092Z'
  ERROR: Build asset version error: assets/scenes/paddle.cs in SourceAssetDB has modification time of '2026-04-03T15:03:03.2564597Z' while content on disk has modification time of '2026-04-03T15:03:37.0797092Z'
Number of updated asset objects reloaded before import = 0Number of asset objects unloaded after import = 0

========================================================================
Received Import Request.
  Time since last request: 0.000042 seconds.
  path: Assets/Scenes/Paddle.cs
  artifactKey: Guid(68c1c49e2364bbb4d93898ff2f348a28) Importer(815301076,1909f56bfc062723c751e8b465ee728b)
Start importing Assets/Scenes/Paddle.cs using Guid(68c1c49e2364bbb4d93898ff2f348a28) Importer(815301076,1909f56bfc062723c751e8b465ee728b) (PreviewImporter) -> (artifact id: '00000000000000000000000000000000') in 0.0026912 seconds
Import Error Code:(4)
Message: Build asset version error: assets/scenes/paddle.cs in SourceAssetDB has modification time of '2026-04-03T15:03:03.2564597Z' while content on disk has modification time of '2026-04-03T15:03:37.0797092Z'
  ERROR: Build asset version error: assets/scenes/paddle.cs in SourceAssetDB has modification time of '2026-04-03T15:03:03.2564597Z' while content on disk has modification time of '2026-04-03T15:03:37.0797092Z'
Number of updated asset objects reloaded before import = 0Number of asset objects unloaded after import = 0

========================================================================
Received Import Request.
  Time since last request: 0.000060 seconds.
  path: Assets/Scenes/Paddle.cs
  artifactKey: Guid(68c1c49e2364bbb4d93898ff2f348a28) Importer(815301076,1909f56bfc062723c751e8b465ee728b)
Start importing Assets/Scenes/Paddle.cs using Guid(68c1c49e2364bbb4d93898ff2f348a28) Importer(815301076,1909f56bfc062723c751e8b465ee728b) (PreviewImporter) -> (artifact id: '00000000000000000000000000000000') in 0.0014415 seconds
Import Error Code:(4)
Message: Build asset version error: assets/scenes/paddle.cs in SourceAssetDB has modification time of '2026-04-03T15:03:03.2564597Z' while content on disk has modification time of '2026-04-03T15:03:37.0797092Z'
  ERROR: Build asset version error: assets/scenes/paddle.cs in SourceAssetDB has modification time of '2026-04-03T15:03:03.2564597Z' while content on disk has modification time of '2026-04-03T15:03:37.0797092Z'
Number of updated asset objects reloaded before import = 0Number of asset objects unloaded after import = 0

========================================================================
Received Import Request.
  Time since last request: 0.000042 seconds.
  path: Assets/Scenes/Paddle.cs
  artifactKey: Guid(68c1c49e2364bbb4d93898ff2f348a28) Importer(815301076,1909f56bfc062723c751e8b465ee728b)
Start importing Assets/Scenes/Paddle.cs using Guid(68c1c49e2364bbb4d93898ff2f348a28) Importer(815301076,1909f56bfc062723c751e8b465ee728b) (PreviewImporter) -> (artifact id: '00000000000000000000000000000000') in 0.0017099 seconds
Import Error Code:(4)
Message: Build asset version error: assets/scenes/paddle.cs in SourceAssetDB has modification time of '2026-04-03T15:03:03.2564597Z' while content on disk has modification time of '2026-04-03T15:03:37.0797092Z'
  ERROR: Build asset version error: assets/scenes/paddle.cs in SourceAssetDB has modification time of '2026-04-03T15:03:03.2564597Z' while content on disk has modification time of '2026-04-03T15:03:37.0797092Z'
Number of updated asset objects reloaded before import = 0Number of asset objects unloaded after import = 0

========================================================================
Received Import Request.
  Time since last request: 0.000041 seconds.
  path: Assets/Scenes/Paddle.cs
  artifactKey: Guid(68c1c49e2364bbb4d93898ff2f348a28) Importer(815301076,1909f56bfc062723c751e8b465ee728b)
Start importing Assets/Scenes/Paddle.cs using Guid(68c1c49e2364bbb4d93898ff2f348a28) Importer(815301076,1909f56bfc062723c751e8b465ee728b) (PreviewImporter) -> (artifact id: '00000000000000000000000000000000') in 0.0037848 seconds
Import Error Code:(4)
Message: Build asset version error: assets/scenes/paddle.cs in SourceAssetDB has modification time of '2026-04-03T15:03:03.2564597Z' while content on disk has modification time of '2026-04-03T15:03:37.0797092Z'
  ERROR: Build asset version error: assets/scenes/paddle.cs in SourceAssetDB has modification time of '2026-04-03T15:03:03.2564597Z' while content on disk has modification time of '2026-04-03T15:03:37.0797092Z'
Number of updated asset objects reloaded before import = 0Number of asset objects unloaded after import = 0

========================================================================
Received Import Request.
  Time since last request: 0.000259 seconds.
  path: Assets/Scenes/Paddle.cs
  artifactKey: Guid(68c1c49e2364bbb4d93898ff2f348a28) Importer(815301076,1909f56bfc062723c751e8b465ee728b)
Start importing Assets/Scenes/Paddle.cs using Guid(68c1c49e2364bbb4d93898ff2f348a28) Importer(815301076,1909f56bfc062723c751e8b465ee728b) (PreviewImporter) -> (artifact id: '00000000000000000000000000000000') in 0.0028763 seconds
Import Error Code:(4)
Message: Build asset version error: assets/scenes/paddle.cs in SourceAssetDB has modification time of '2026-04-03T15:03:03.2564597Z' while content on disk has modification time of '2026-04-03T15:03:37.0797092Z'
  ERROR: Build asset version error: assets/scenes/paddle.cs in SourceAssetDB has modification time of '2026-04-03T15:03:03.2564597Z' while content on disk has modification time of '2026-04-03T15:03:37.0797092Z'
Number of updated asset objects reloaded before import = 0Number of asset objects unloaded after import = 0

========================================================================
Received Import Request.
  Time since last request: 0.000388 seconds.
  path: Assets/Scenes/Paddle.cs
  artifactKey: Guid(68c1c49e2364bbb4d93898ff2f348a28) Importer(815301076,1909f56bfc062723c751e8b465ee728b)
Start importing Assets/Scenes/Paddle.cs using Guid(68c1c49e2364bbb4d93898ff2f348a28) Importer(815301076,1909f56bfc062723c751e8b465ee728b) (PreviewImporter) -> (artifact id: '00000000000000000000000000000000') in 0.0007556 seconds
Import Error Code:(4)
Message: Build asset version error: assets/scenes/paddle.cs in SourceAssetDB has modification time of '2026-04-03T15:03:03.2564597Z' while content on disk has modification time of '2026-04-03T15:03:37.0797092Z'
  ERROR: Build asset version error: assets/scenes/paddle.cs in SourceAssetDB has modification time of '2026-04-03T15:03:03.2564597Z' while content on disk has modification time of '2026-04-03T15:03:37.0797092Z'
Number of updated asset objects reloaded before import = 0Number of asset objects unloaded after import = 0

========================================================================
Received Import Request.
  Time since last request: 0.000025 seconds.
  path: Assets/Scenes/Paddle.cs
  artifactKey: Guid(68c1c49e2364bbb4d93898ff2f348a28) Importer(815301076,1909f56bfc062723c751e8b465ee728b)
Start importing Assets/Scenes/Paddle.cs using Guid(68c1c49e2364bbb4d93898ff2f348a28) Importer(815301076,1909f56bfc062723c751e8b465ee728b) (PreviewImporter) -> (artifact id: '00000000000000000000000000000000') in 0.001318 seconds
Import Error Code:(4)
Message: Build asset version error: assets/scenes/paddle.cs in SourceAssetDB has modification time of '2026-04-03T15:03:03.2564597Z' while content on disk has modification time of '2026-04-03T15:03:37.0797092Z'
  ERROR: Build asset version error: assets/scenes/paddle.cs in SourceAssetDB has modification time of '2026-04-03T15:03:03.2564597Z' while content on disk has modification time of '2026-04-03T15:03:37.0797092Z'
Number of updated asset objects reloaded before import = 0Number of asset objects unloaded after import = 0

========================================================================
Received Import Request.
  Time since last request: 0.000078 seconds.
  path: Assets/Scenes/Paddle.cs
  artifactKey: Guid(68c1c49e2364bbb4d93898ff2f348a28) Importer(815301076,1909f56bfc062723c751e8b465ee728b)
Start importing Assets/Scenes/Paddle.cs using Guid(68c1c49e2364bbb4d93898ff2f348a28) Importer(815301076,1909f56bfc062723c751e8b465ee728b) (PreviewImporter) -> (artifact id: '00000000000000000000000000000000') in 0.0018865 seconds
Import Error Code:(4)
Message: Build asset version error: assets/scenes/paddle.cs in SourceAssetDB has modification time of '2026-04-03T15:03:03.2564597Z' while content on disk has modification time of '2026-04-03T15:03:37.0797092Z'
  ERROR: Build asset version error: assets/scenes/paddle.cs in SourceAssetDB has modification time of '2026-04-03T15:03:03.2564597Z' while content on disk has modification time of '2026-04-03T15:03:37.0797092Z'
Number of updated asset objects reloaded before import = 0Number of asset objects unloaded after import = 0

========================================================================
Received Import Request.
  Time since last request: 0.000040 seconds.
  path: Assets/Scenes/Paddle.cs
  artifactKey: Guid(68c1c49e2364bbb4d93898ff2f348a28) Importer(815301076,1909f56bfc062723c751e8b465ee728b)
Start importing Assets/Scenes/Paddle.cs using Guid(68c1c49e2364bbb4d93898ff2f348a28) Importer(815301076,1909f56bfc062723c751e8b465ee728b) (PreviewImporter) -> (artifact id: '00000000000000000000000000000000') in 0.0010838 seconds
Import Error Code:(4)
Message: Build asset version error: assets/scenes/paddle.cs in SourceAssetDB has modification time of '2026-04-03T15:03:03.2564597Z' while content on disk has modification time of '2026-04-03T15:03:37.0797092Z'
  ERROR: Build asset version error: assets/scenes/paddle.cs in SourceAssetDB has modification time of '2026-04-03T15:03:03.2564597Z' while content on disk has modification time of '2026-04-03T15:03:37.0797092Z'
Number of updated asset objects reloaded before import = 0Number of asset objects unloaded after import = 0

========================================================================
Received Import Request.
  Time since last request: 0.000061 seconds.
  path: Assets/Scenes/Paddle.cs
  artifactKey: Guid(68c1c49e2364bbb4d93898ff2f348a28) Importer(815301076,1909f56bfc062723c751e8b465ee728b)
Start importing Assets/Scenes/Paddle.cs using Guid(68c1c49e2364bbb4d93898ff2f348a28) Importer(815301076,1909f56bfc062723c751e8b465ee728b) (PreviewImporter) -> (artifact id: '00000000000000000000000000000000') in 0.0024703 seconds
Import Error Code:(4)
Message: Build asset version error: assets/scenes/paddle.cs in SourceAssetDB has modification time of '2026-04-03T15:03:03.2564597Z' while content on disk has modification time of '2026-04-03T15:03:37.0797092Z'
  ERROR: Build asset version error: assets/scenes/paddle.cs in SourceAssetDB has modification time of '2026-04-03T15:03:03.2564597Z' while content on disk has modification time of '2026-04-03T15:03:37.0797092Z'
Number of updated asset objects reloaded before import = 0Number of asset objects unloaded after import = 0

========================================================================
Received Import Request.
  Time since last request: 0.000069 seconds.
  path: Assets/Scenes/Paddle.cs
  artifactKey: Guid(68c1c49e2364bbb4d93898ff2f348a28) Importer(815301076,1909f56bfc062723c751e8b465ee728b)
Start importing Assets/Scenes/Paddle.cs using Guid(68c1c49e2364bbb4d93898ff2f348a28) Importer(815301076,1909f56bfc062723c751e8b465ee728b) (PreviewImporter) -> (artifact id: '00000000000000000000000000000000') in 0.0031818 seconds
Import Error Code:(4)
Message: Build asset version error: assets/scenes/paddle.cs in SourceAssetDB has modification time of '2026-04-03T15:03:03.2564597Z' while content on disk has modification time of '2026-04-03T15:03:37.0797092Z'
  ERROR: Build asset version error: assets/scenes/paddle.cs in SourceAssetDB has modification time of '2026-04-03T15:03:03.2564597Z' while content on disk has modification time of '2026-04-03T15:03:37.0797092Z'
Number of updated asset objects reloaded before import = 0Number of asset objects unloaded after import = 0

========================================================================
Received Import Request.
  Time since last request: 0.000055 seconds.
  path: Assets/Scenes/Paddle.cs
  artifactKey: Guid(68c1c49e2364bbb4d93898ff2f348a28) Importer(815301076,1909f56bfc062723c751e8b465ee728b)
Start importing Assets/Scenes/Paddle.cs using Guid(68c1c49e2364bbb4d93898ff2f348a28) Importer(815301076,1909f56bfc062723c751e8b465ee728b) (PreviewImporter) -> (artifact id: '00000000000000000000000000000000') in 0.0029124 seconds
Import Error Code:(4)
Message: Build asset version error: assets/scenes/paddle.cs in SourceAssetDB has modification time of '2026-04-03T15:03:03.2564597Z' while content on disk has modification time of '2026-04-03T15:03:37.0797092Z'
  ERROR: Build asset version error: assets/scenes/paddle.cs in SourceAssetDB has modification time of '2026-04-03T15:03:03.2564597Z' while content on disk has modification time of '2026-04-03T15:03:37.0797092Z'
Number of updated asset objects reloaded before import = 0Number of asset objects unloaded after import = 0

========================================================================
Received Import Request.
  Time since last request: 0.000051 seconds.
  path: Assets/Scenes/Paddle.cs
  artifactKey: Guid(68c1c49e2364bbb4d93898ff2f348a28) Importer(815301076,1909f56bfc062723c751e8b465ee728b)
Start importing Assets/Scenes/Paddle.cs using Guid(68c1c49e2364bbb4d93898ff2f348a28) Importer(815301076,1909f56bfc062723c751e8b465ee728b) (PreviewImporter) -> (artifact id: '00000000000000000000000000000000') in 0.0018292 seconds
Import Error Code:(4)
Message: Build asset version error: assets/scenes/paddle.cs in SourceAssetDB has modification time of '2026-04-03T15:03:03.2564597Z' while content on disk has modification time of '2026-04-03T15:03:37.0797092Z'
  ERROR: Build asset version error: assets/scenes/paddle.cs in SourceAssetDB has modification time of '2026-04-03T15:03:03.2564597Z' while content on disk has modification time of '2026-04-03T15:03:37.0797092Z'
Number of updated asset objects reloaded before import = 0Number of asset objects unloaded after import = 0

========================================================================
Received Import Request.
  Time since last request: 0.000064 seconds.
  path: Assets/Scenes/Paddle.cs
  artifactKey: Guid(68c1c49e2364bbb4d93898ff2f348a28) Importer(815301076,1909f56bfc062723c751e8b465ee728b)
Start importing Assets/Scenes/Paddle.cs using Guid(68c1c49e2364bbb4d93898ff2f348a28) Importer(815301076,1909f56bfc062723c751e8b465ee728b) (PreviewImporter) -> (artifact id: '00000000000000000000000000000000') in 0.0020392 seconds
Import Error Code:(4)
Message: Build asset version error: assets/scenes/paddle.cs in SourceAssetDB has modification time of '2026-04-03T15:03:03.2564597Z' while content on disk has modification time of '2026-04-03T15:03:37.0797092Z'
  ERROR: Build asset version error: assets/scenes/paddle.cs in SourceAssetDB has modification time of '2026-04-03T15:03:03.2564597Z' while content on disk has modification time of '2026-04-03T15:03:37.0797092Z'
Number of updated asset objects reloaded before import = 0Number of asset objects unloaded after import = 0

========================================================================
Received Import Request.
  Time since last request: 0.000039 seconds.
  path: Assets/Scenes/Paddle.cs
  artifactKey: Guid(68c1c49e2364bbb4d93898ff2f348a28) Importer(815301076,1909f56bfc062723c751e8b465ee728b)
Start importing Assets/Scenes/Paddle.cs using Guid(68c1c49e2364bbb4d93898ff2f348a28) Importer(815301076,1909f56bfc062723c751e8b465ee728b) (PreviewImporter) -> (artifact id: '00000000000000000000000000000000') in 0.001806 seconds
Import Error Code:(4)
Message: Build asset version error: assets/scenes/paddle.cs in SourceAssetDB has modification time of '2026-04-03T15:03:03.2564597Z' while content on disk has modification time of '2026-04-03T15:03:37.0797092Z'
  ERROR: Build asset version error: assets/scenes/paddle.cs in SourceAssetDB has modification time of '2026-04-03T15:03:03.2564597Z' while content on disk has modification time of '2026-04-03T15:03:37.0797092Z'
Number of updated asset objects reloaded before import = 0Number of asset objects unloaded after import = 0

========================================================================
Received Import Request.
  Time since last request: 0.000030 seconds.
  path: Assets/Scenes/Paddle.cs
  artifactKey: Guid(68c1c49e2364bbb4d93898ff2f348a28) Importer(815301076,1909f56bfc062723c751e8b465ee728b)
Start importing Assets/Scenes/Paddle.cs using Guid(68c1c49e2364bbb4d93898ff2f348a28) Importer(815301076,1909f56bfc062723c751e8b465ee728b) (PreviewImporter) -> (artifact id: '00000000000000000000000000000000') in 0.0019621 seconds
Import Error Code:(4)
Message: Build asset version error: assets/scenes/paddle.cs in SourceAssetDB has modification time of '2026-04-03T15:03:03.2564597Z' while content on disk has modification time of '2026-04-03T15:03:37.0797092Z'
  ERROR: Build asset version error: assets/scenes/paddle.cs in SourceAssetDB has modification time of '2026-04-03T15:03:03.2564597Z' while content on disk has modification time of '2026-04-03T15:03:37.0797092Z'
Number of updated asset objects reloaded before import = 0Number of asset objects unloaded after import = 0

========================================================================
Received Import Request.
  Time since last request: 0.000044 seconds.
  path: Assets/Scenes/Paddle.cs
  artifactKey: Guid(68c1c49e2364bbb4d93898ff2f348a28) Importer(815301076,1909f56bfc062723c751e8b465ee728b)
Start importing Assets/Scenes/Paddle.cs using Guid(68c1c49e2364bbb4d93898ff2f348a28) Importer(815301076,1909f56bfc062723c751e8b465ee728b) (PreviewImporter) -> (artifact id: '00000000000000000000000000000000') in 0.0021312 seconds
Import Error Code:(4)
Message: Build asset version error: assets/scenes/paddle.cs in SourceAssetDB has modification time of '2026-04-03T15:03:03.2564597Z' while content on disk has modification time of '2026-04-03T15:03:37.0797092Z'
  ERROR: Build asset version error: assets/scenes/paddle.cs in SourceAssetDB has modification time of '2026-04-03T15:03:03.2564597Z' while content on disk has modification time of '2026-04-03T15:03:37.0797092Z'
Number of updated asset objects reloaded before import = 0Number of asset objects unloaded after import = 0

========================================================================
Received Import Request.
  Time since last request: 0.000041 seconds.
  path: Assets/Scenes/Paddle.cs
  artifactKey: Guid(68c1c49e2364bbb4d93898ff2f348a28) Importer(815301076,1909f56bfc062723c751e8b465ee728b)
Start importing Assets/Scenes/Paddle.cs using Guid(68c1c49e2364bbb4d93898ff2f348a28) Importer(815301076,1909f56bfc062723c751e8b465ee728b) (PreviewImporter) -> (artifact id: '00000000000000000000000000000000') in 0.002055 seconds
Import Error Code:(4)
Message: Build asset version error: assets/scenes/paddle.cs in SourceAssetDB has modification time of '2026-04-03T15:03:03.2564597Z' while content on disk has modification time of '2026-04-03T15:03:37.0797092Z'
  ERROR: Build asset version error: assets/scenes/paddle.cs in SourceAssetDB has modification time of '2026-04-03T15:03:03.2564597Z' while content on disk has modification time of '2026-04-03T15:03:37.0797092Z'
Number of updated asset objects reloaded before import = 0Number of asset objects unloaded after import = 0

========================================================================
Received Import Request.
  Time since last request: 0.000052 seconds.
  path: Assets/Scenes/Paddle.cs
  artifactKey: Guid(68c1c49e2364bbb4d93898ff2f348a28) Importer(815301076,1909f56bfc062723c751e8b465ee728b)
Start importing Assets/Scenes/Paddle.cs using Guid(68c1c49e2364bbb4d93898ff2f348a28) Importer(815301076,1909f56bfc062723c751e8b465ee728b) (PreviewImporter) -> (artifact id: '00000000000000000000000000000000') in 0.001449 seconds
Import Error Code:(4)
Message: Build asset version error: assets/scenes/paddle.cs in SourceAssetDB has modification time of '2026-04-03T15:03:03.2564597Z' while content on disk has modification time of '2026-04-03T15:03:37.0797092Z'
  ERROR: Build asset version error: assets/scenes/paddle.cs in SourceAssetDB has modification time of '2026-04-03T15:03:03.2564597Z' while content on disk has modification time of '2026-04-03T15:03:37.0797092Z'
Number of updated asset objects reloaded before import = 0Number of asset objects unloaded after import = 0

========================================================================
Received Import Request.
  Time since last request: 0.000073 seconds.
  path: Assets/Scenes/Paddle.cs
  artifactKey: Guid(68c1c49e2364bbb4d93898ff2f348a28) Importer(815301076,1909f56bfc062723c751e8b465ee728b)
Start importing Assets/Scenes/Paddle.cs using Guid(68c1c49e2364bbb4d93898ff2f348a28) Importer(815301076,1909f56bfc062723c751e8b465ee728b) (PreviewImporter) -> (artifact id: '00000000000000000000000000000000') in 0.0012463 seconds
Import Error Code:(4)
Message: Build asset version error: assets/scenes/paddle.cs in SourceAssetDB has modification time of '2026-04-03T15:03:03.2564597Z' while content on disk has modification time of '2026-04-03T15:03:37.0797092Z'
  ERROR: Build asset version error: assets/scenes/paddle.cs in SourceAssetDB has modification time of '2026-04-03T15:03:03.2564597Z' while content on disk has modification time of '2026-04-03T15:03:37.0797092Z'
Number of updated asset objects reloaded before import = 0Number of asset objects unloaded after import = 0

========================================================================
Received Import Request.
  Time since last request: 0.000040 seconds.
  path: Assets/Scenes/Paddle.cs
  artifactKey: Guid(68c1c49e2364bbb4d93898ff2f348a28) Importer(815301076,1909f56bfc062723c751e8b465ee728b)
Start importing Assets/Scenes/Paddle.cs using Guid(68c1c49e2364bbb4d93898ff2f348a28) Importer(815301076,1909f56bfc062723c751e8b465ee728b) (PreviewImporter) -> (artifact id: '00000000000000000000000000000000') in 0.0014023 seconds
Import Error Code:(4)
Message: Build asset version error: assets/scenes/paddle.cs in SourceAssetDB has modification time of '2026-04-03T15:03:03.2564597Z' while content on disk has modification time of '2026-04-03T15:03:37.0797092Z'
  ERROR: Build asset version error: assets/scenes/paddle.cs in SourceAssetDB has modification time of '2026-04-03T15:03:03.2564597Z' while content on disk has modification time of '2026-04-03T15:03:37.0797092Z'
Number of updated asset objects reloaded before import = 0Number of asset objects unloaded after import = 0

========================================================================
Received Import Request.
  Time since last request: 0.000056 seconds.
  path: Assets/Scenes/Paddle.cs
  artifactKey: Guid(68c1c49e2364bbb4d93898ff2f348a28) Importer(815301076,1909f56bfc062723c751e8b465ee728b)
Start importing Assets/Scenes/Paddle.cs using Guid(68c1c49e2364bbb4d93898ff2f348a28) Importer(815301076,1909f56bfc062723c751e8b465ee728b) (PreviewImporter) -> (artifact id: '00000000000000000000000000000000') in 0.0008129 seconds
Import Error Code:(4)
Message: Build asset version error: assets/scenes/paddle.cs in SourceAssetDB has modification time of '2026-04-03T15:03:03.2564597Z' while content on disk has modification time of '2026-04-03T15:03:37.0797092Z'
  ERROR: Build asset version error: assets/scenes/paddle.cs in SourceAssetDB has modification time of '2026-04-03T15:03:03.2564597Z' while content on disk has modification time of '2026-04-03T15:03:37.0797092Z'
Number of updated asset objects reloaded before import = 0Number of asset objects unloaded after import = 0

========================================================================
Received Import Request.
  Time since last request: 0.000081 seconds.
  path: Assets/Scenes/Paddle.cs
  artifactKey: Guid(68c1c49e2364bbb4d93898ff2f348a28) Importer(815301076,1909f56bfc062723c751e8b465ee728b)
Start importing Assets/Scenes/Paddle.cs using Guid(68c1c49e2364bbb4d93898ff2f348a28) Importer(815301076,1909f56bfc062723c751e8b465ee728b) (PreviewImporter) -> (artifact id: '00000000000000000000000000000000') in 0.0012651 seconds
Import Error Code:(4)
Message: Build asset version error: assets/scenes/paddle.cs in SourceAssetDB has modification time of '2026-04-03T15:03:03.2564597Z' while content on disk has modification time of '2026-04-03T15:03:37.0797092Z'
  ERROR: Build asset version error: assets/scenes/paddle.cs in SourceAssetDB has modification time of '2026-04-03T15:03:03.2564597Z' while content on disk has modification time of '2026-04-03T15:03:37.0797092Z'
Number of updated asset objects reloaded before import = 0Number of asset objects unloaded after import = 0

========================================================================
Received Import Request.
  Time since last request: 0.000038 seconds.
  path: Assets/Scenes/Paddle.cs
  artifactKey: Guid(68c1c49e2364bbb4d93898ff2f348a28) Importer(815301076,1909f56bfc062723c751e8b465ee728b)
Start importing Assets/Scenes/Paddle.cs using Guid(68c1c49e2364bbb4d93898ff2f348a28) Importer(815301076,1909f56bfc062723c751e8b465ee728b) (PreviewImporter) -> (artifact id: '00000000000000000000000000000000') in 0.001284 seconds
Import Error Code:(4)
Message: Build asset version error: assets/scenes/paddle.cs in SourceAssetDB has modification time of '2026-04-03T15:03:03.2564597Z' while content on disk has modification time of '2026-04-03T15:03:37.0797092Z'
  ERROR: Build asset version error: assets/scenes/paddle.cs in SourceAssetDB has modification time of '2026-04-03T15:03:03.2564597Z' while content on disk has modification time of '2026-04-03T15:03:37.0797092Z'
Number of updated asset objects reloaded before import = 0Number of asset objects unloaded after import = 0

========================================================================
Received Import Request.
  Time since last request: 0.000101 seconds.
  path: Assets/Scenes/Paddle.cs
  artifactKey: Guid(68c1c49e2364bbb4d93898ff2f348a28) Importer(815301076,1909f56bfc062723c751e8b465ee728b)
Start importing Assets/Scenes/Paddle.cs using Guid(68c1c49e2364bbb4d93898ff2f348a28) Importer(815301076,1909f56bfc062723c751e8b465ee728b) (PreviewImporter) -> (artifact id: '00000000000000000000000000000000') in 0.001709 seconds
Import Error Code:(4)
Message: Build asset version error: assets/scenes/paddle.cs in SourceAssetDB has modification time of '2026-04-03T15:03:03.2564597Z' while content on disk has modification time of '2026-04-03T15:03:37.0797092Z'
  ERROR: Build asset version error: assets/scenes/paddle.cs in SourceAssetDB has modification time of '2026-04-03T15:03:03.2564597Z' while content on disk has modification time of '2026-04-03T15:03:37.0797092Z'
Number of updated asset objects reloaded before import = 0Number of asset objects unloaded after import = 0

========================================================================
Received Import Request.
  Time since last request: 0.000198 seconds.
  path: Assets/Scenes/Paddle.cs
  artifactKey: Guid(68c1c49e2364bbb4d93898ff2f348a28) Importer(815301076,1909f56bfc062723c751e8b465ee728b)
Start importing Assets/Scenes/Paddle.cs using Guid(68c1c49e2364bbb4d93898ff2f348a28) Importer(815301076,1909f56bfc062723c751e8b465ee728b) (PreviewImporter) -> (artifact id: '00000000000000000000000000000000') in 0.0012389 seconds
Import Error Code:(4)
Message: Build asset version error: assets/scenes/paddle.cs in SourceAssetDB has modification time of '2026-04-03T15:03:03.2564597Z' while content on disk has modification time of '2026-04-03T15:03:37.0797092Z'
  ERROR: Build asset version error: assets/scenes/paddle.cs in SourceAssetDB has modification time of '2026-04-03T15:03:03.2564597Z' while content on disk has modification time of '2026-04-03T15:03:37.0797092Z'
Number of updated asset objects reloaded before import = 0Number of asset objects unloaded after import = 0

========================================================================
Received Import Request.
  Time since last request: 0.000053 seconds.
  path: Assets/Scenes/Paddle.cs
  artifactKey: Guid(68c1c49e2364bbb4d93898ff2f348a28) Importer(815301076,1909f56bfc062723c751e8b465ee728b)
Start importing Assets/Scenes/Paddle.cs using Guid(68c1c49e2364bbb4d93898ff2f348a28) Importer(815301076,1909f56bfc062723c751e8b465ee728b) (PreviewImporter) -> (artifact id: '00000000000000000000000000000000') in 0.0012331 seconds
Import Error Code:(4)
Message: Build asset version error: assets/scenes/paddle.cs in SourceAssetDB has modification time of '2026-04-03T15:03:03.2564597Z' while content on disk has modification time of '2026-04-03T15:03:37.0797092Z'
  ERROR: Build asset version error: assets/scenes/paddle.cs in SourceAssetDB has modification time of '2026-04-03T15:03:03.2564597Z' while content on disk has modification time of '2026-04-03T15:03:37.0797092Z'
Number of updated asset objects reloaded before import = 0Number of asset objects unloaded after import = 0

========================================================================
Received Import Request.
  Time since last request: 0.000046 seconds.
  path: Assets/Scenes/Paddle.cs
  artifactKey: Guid(68c1c49e2364bbb4d93898ff2f348a28) Importer(815301076,1909f56bfc062723c751e8b465ee728b)
Start importing Assets/Scenes/Paddle.cs using Guid(68c1c49e2364bbb4d93898ff2f348a28) Importer(815301076,1909f56bfc062723c751e8b465ee728b) (PreviewImporter) -> (artifact id: '00000000000000000000000000000000') in 0.0014427 seconds
Import Error Code:(4)
Message: Build asset version error: assets/scenes/paddle.cs in SourceAssetDB has modification time of '2026-04-03T15:03:03.2564597Z' while content on disk has modification time of '2026-04-03T15:03:37.0797092Z'
  ERROR: Build asset version error: assets/scenes/paddle.cs in SourceAssetDB has modification time of '2026-04-03T15:03:03.2564597Z' while content on disk has modification time of '2026-04-03T15:03:37.0797092Z'
Number of updated asset objects reloaded before import = 0Number of asset objects unloaded after import = 0

========================================================================
Received Import Request.
  Time since last request: 0.000062 seconds.
  path: Assets/Scenes/Paddle.cs
  artifactKey: Guid(68c1c49e2364bbb4d93898ff2f348a28) Importer(815301076,1909f56bfc062723c751e8b465ee728b)
Start importing Assets/Scenes/Paddle.cs using Guid(68c1c49e2364bbb4d93898ff2f348a28) Importer(815301076,1909f56bfc062723c751e8b465ee728b) (PreviewImporter) -> (artifact id: '00000000000000000000000000000000') in 0.0012069 seconds
Import Error Code:(4)
Message: Build asset version error: assets/scenes/paddle.cs in SourceAssetDB has modification time of '2026-04-03T15:03:03.2564597Z' while content on disk has modification time of '2026-04-03T15:03:37.0797092Z'
  ERROR: Build asset version error: assets/scenes/paddle.cs in SourceAssetDB has modification time of '2026-04-03T15:03:03.2564597Z' while content on disk has modification time of '2026-04-03T15:03:37.0797092Z'
Number of updated asset objects reloaded before import = 0Number of asset objects unloaded after import = 0

========================================================================
Received Import Request.
  Time since last request: 0.000041 seconds.
  path: Assets/Scenes/Paddle.cs
  artifactKey: Guid(68c1c49e2364bbb4d93898ff2f348a28) Importer(815301076,1909f56bfc062723c751e8b465ee728b)
Start importing Assets/Scenes/Paddle.cs using Guid(68c1c49e2364bbb4d93898ff2f348a28) Importer(815301076,1909f56bfc062723c751e8b465ee728b) (PreviewImporter) -> (artifact id: '00000000000000000000000000000000') in 0.002685 seconds
Import Error Code:(4)
Message: Build asset version error: assets/scenes/paddle.cs in SourceAssetDB has modification time of '2026-04-03T15:03:03.2564597Z' while content on disk has modification time of '2026-04-03T15:03:37.0797092Z'
  ERROR: Build asset version error: assets/scenes/paddle.cs in SourceAssetDB has modification time of '2026-04-03T15:03:03.2564597Z' while content on disk has modification time of '2026-04-03T15:03:37.0797092Z'
Number of updated asset objects reloaded before import = 0Number of asset objects unloaded after import = 0

========================================================================
Received Import Request.
  Time since last request: 0.000255 seconds.
  path: Assets/Scenes/Paddle.cs
  artifactKey: Guid(68c1c49e2364bbb4d93898ff2f348a28) Importer(815301076,1909f56bfc062723c751e8b465ee728b)
Start importing Assets/Scenes/Paddle.cs using Guid(68c1c49e2364bbb4d93898ff2f348a28) Importer(815301076,1909f56bfc062723c751e8b465ee728b) (PreviewImporter) -> (artifact id: '00000000000000000000000000000000') in 0.002089 seconds
Import Error Code:(4)
Message: Build asset version error: assets/scenes/paddle.cs in SourceAssetDB has modification time of '2026-04-03T15:03:03.2564597Z' while content on disk has modification time of '2026-04-03T15:03:37.0797092Z'
  ERROR: Build asset version error: assets/scenes/paddle.cs in SourceAssetDB has modification time of '2026-04-03T15:03:03.2564597Z' while content on disk has modification time of '2026-04-03T15:03:37.0797092Z'
Number of updated asset objects reloaded before import = 0Number of asset objects unloaded after import = 0

========================================================================
Received Import Request.
  Time since last request: 0.000079 seconds.
  path: Assets/Scenes/Paddle.cs
  artifactKey: Guid(68c1c49e2364bbb4d93898ff2f348a28) Importer(815301076,1909f56bfc062723c751e8b465ee728b)
Start importing Assets/Scenes/Paddle.cs using Guid(68c1c49e2364bbb4d93898ff2f348a28) Importer(815301076,1909f56bfc062723c751e8b465ee728b) (PreviewImporter) -> (artifact id: '00000000000000000000000000000000') in 0.0012576 seconds
Import Error Code:(4)
Message: Build asset version error: assets/scenes/paddle.cs in SourceAssetDB has modification time of '2026-04-03T15:03:03.2564597Z' while content on disk has modification time of '2026-04-03T15:03:37.0797092Z'
  ERROR: Build asset version error: assets/scenes/paddle.cs in SourceAssetDB has modification time of '2026-04-03T15:03:03.2564597Z' while content on disk has modification time of '2026-04-03T15:03:37.0797092Z'
Number of updated asset objects reloaded before import = 0Number of asset objects unloaded after import = 0

========================================================================
Received Import Request.
  Time since last request: 0.000042 seconds.
  path: Assets/Scenes/Paddle.cs
  artifactKey: Guid(68c1c49e2364bbb4d93898ff2f348a28) Importer(815301076,1909f56bfc062723c751e8b465ee728b)
Start importing Assets/Scenes/Paddle.cs using Guid(68c1c49e2364bbb4d93898ff2f348a28) Importer(815301076,1909f56bfc062723c751e8b465ee728b) (PreviewImporter) -> (artifact id: '00000000000000000000000000000000') in 0.0021681 seconds
Import Error Code:(4)
Message: Build asset version error: assets/scenes/paddle.cs in SourceAssetDB has modification time of '2026-04-03T15:03:03.2564597Z' while content on disk has modification time of '2026-04-03T15:03:37.0797092Z'
  ERROR: Build asset version error: assets/scenes/paddle.cs in SourceAssetDB has modification time of '2026-04-03T15:03:03.2564597Z' while content on disk has modification time of '2026-04-03T15:03:37.0797092Z'
Number of updated asset objects reloaded before import = 0Number of asset objects unloaded after import = 0

========================================================================
Received Import Request.
  Time since last request: 0.000052 seconds.
  path: Assets/Scenes/Paddle.cs
  artifactKey: Guid(68c1c49e2364bbb4d93898ff2f348a28) Importer(815301076,1909f56bfc062723c751e8b465ee728b)
Start importing Assets/Scenes/Paddle.cs using Guid(68c1c49e2364bbb4d93898ff2f348a28) Importer(815301076,1909f56bfc062723c751e8b465ee728b) (PreviewImporter) -> (artifact id: '00000000000000000000000000000000') in 0.0015109 seconds
Import Error Code:(4)
Message: Build asset version error: assets/scenes/paddle.cs in SourceAssetDB has modification time of '2026-04-03T15:03:03.2564597Z' while content on disk has modification time of '2026-04-03T15:03:37.0797092Z'
  ERROR: Build asset version error: assets/scenes/paddle.cs in SourceAssetDB has modification time of '2026-04-03T15:03:03.2564597Z' while content on disk has modification time of '2026-04-03T15:03:37.0797092Z'
Number of updated asset objects reloaded before import = 0Number of asset objects unloaded after import = 0

========================================================================
Received Import Request.
  Time since last request: 0.000036 seconds.
  path: Assets/Scenes/Paddle.cs
  artifactKey: Guid(68c1c49e2364bbb4d93898ff2f348a28) Importer(815301076,1909f56bfc062723c751e8b465ee728b)
Start importing Assets/Scenes/Paddle.cs using Guid(68c1c49e2364bbb4d93898ff2f348a28) Importer(815301076,1909f56bfc062723c751e8b465ee728b) (PreviewImporter) -> (artifact id: '00000000000000000000000000000000') in 0.0012797 seconds
Import Error Code:(4)
Message: Build asset version error: assets/scenes/paddle.cs in SourceAssetDB has modification time of '2026-04-03T15:03:03.2564597Z' while content on disk has modification time of '2026-04-03T15:03:37.0797092Z'
  ERROR: Build asset version error: assets/scenes/paddle.cs in SourceAssetDB has modification time of '2026-04-03T15:03:03.2564597Z' while content on disk has modification time of '2026-04-03T15:03:37.0797092Z'
Number of updated asset objects reloaded before import = 0Number of asset objects unloaded after import = 0

========================================================================
Received Import Request.
  Time since last request: 0.000054 seconds.
  path: Assets/Scenes/Paddle.cs
  artifactKey: Guid(68c1c49e2364bbb4d93898ff2f348a28) Importer(815301076,1909f56bfc062723c751e8b465ee728b)
Start importing Assets/Scenes/Paddle.cs using Guid(68c1c49e2364bbb4d93898ff2f348a28) Importer(815301076,1909f56bfc062723c751e8b465ee728b) (PreviewImporter) -> (artifact id: '00000000000000000000000000000000') in 0.0012947 seconds
Import Error Code:(4)
Message: Build asset version error: assets/scenes/paddle.cs in SourceAssetDB has modification time of '2026-04-03T15:03:03.2564597Z' while content on disk has modification time of '2026-04-03T15:03:37.0797092Z'
  ERROR: Build asset version error: assets/scenes/paddle.cs in SourceAssetDB has modification time of '2026-04-03T15:03:03.2564597Z' while content on disk has modification time of '2026-04-03T15:03:37.0797092Z'
Number of updated asset objects reloaded before import = 0Number of asset objects unloaded after import = 0

========================================================================
Received Import Request.
  Time since last request: 0.000045 seconds.
  path: Assets/Scenes/Paddle.cs
  artifactKey: Guid(68c1c49e2364bbb4d93898ff2f348a28) Importer(815301076,1909f56bfc062723c751e8b465ee728b)
Start importing Assets/Scenes/Paddle.cs using Guid(68c1c49e2364bbb4d93898ff2f348a28) Importer(815301076,1909f56bfc062723c751e8b465ee728b) (PreviewImporter) -> (artifact id: '00000000000000000000000000000000') in 0.0020393 seconds
Import Error Code:(4)
Message: Build asset version error: assets/scenes/paddle.cs in SourceAssetDB has modification time of '2026-04-03T15:03:03.2564597Z' while content on disk has modification time of '2026-04-03T15:03:37.0797092Z'
  ERROR: Build asset version error: assets/scenes/paddle.cs in SourceAssetDB has modification time of '2026-04-03T15:03:03.2564597Z' while content on disk has modification time of '2026-04-03T15:03:37.0797092Z'
Number of updated asset objects reloaded before import = 0Number of asset objects unloaded after import = 0

========================================================================
Received Import Request.
  Time since last request: 0.000062 seconds.
  path: Assets/Scenes/Paddle.cs
  artifactKey: Guid(68c1c49e2364bbb4d93898ff2f348a28) Importer(815301076,1909f56bfc062723c751e8b465ee728b)
Start importing Assets/Scenes/Paddle.cs using Guid(68c1c49e2364bbb4d93898ff2f348a28) Importer(815301076,1909f56bfc062723c751e8b465ee728b) (PreviewImporter) -> (artifact id: '00000000000000000000000000000000') in 0.0016566 seconds
Import Error Code:(4)
Message: Build asset version error: assets/scenes/paddle.cs in SourceAssetDB has modification time of '2026-04-03T15:03:03.2564597Z' while content on disk has modification time of '2026-04-03T15:03:37.0797092Z'
  ERROR: Build asset version error: assets/scenes/paddle.cs in SourceAssetDB has modification time of '2026-04-03T15:03:03.2564597Z' while content on disk has modification time of '2026-04-03T15:03:37.0797092Z'
Number of updated asset objects reloaded before import = 0Number of asset objects unloaded after import = 0

========================================================================
Received Import Request.
  Time since last request: 0.000053 seconds.
  path: Assets/Scenes/Paddle.cs
  artifactKey: Guid(68c1c49e2364bbb4d93898ff2f348a28) Importer(815301076,1909f56bfc062723c751e8b465ee728b)
Start importing Assets/Scenes/Paddle.cs using Guid(68c1c49e2364bbb4d93898ff2f348a28) Importer(815301076,1909f56bfc062723c751e8b465ee728b) (PreviewImporter) -> (artifact id: '00000000000000000000000000000000') in 0.0016409 seconds
Import Error Code:(4)
Message: Build asset version error: assets/scenes/paddle.cs in SourceAssetDB has modification time of '2026-04-03T15:03:03.2564597Z' while content on disk has modification time of '2026-04-03T15:03:37.0797092Z'
  ERROR: Build asset version error: assets/scenes/paddle.cs in SourceAssetDB has modification time of '2026-04-03T15:03:03.2564597Z' while content on disk has modification time of '2026-04-03T15:03:37.0797092Z'
Number of updated asset objects reloaded before import = 0Number of asset objects unloaded after import = 0

========================================================================
Received Import Request.
  Time since last request: 0.000043 seconds.
  path: Assets/Scenes/Paddle.cs
  artifactKey: Guid(68c1c49e2364bbb4d93898ff2f348a28) Importer(815301076,1909f56bfc062723c751e8b465ee728b)
Start importing Assets/Scenes/Paddle.cs using Guid(68c1c49e2364bbb4d93898ff2f348a28) Importer(815301076,1909f56bfc062723c751e8b465ee728b) (PreviewImporter) -> (artifact id: '00000000000000000000000000000000') in 0.0027289 seconds
Import Error Code:(4)
Message: Build asset version error: assets/scenes/paddle.cs in SourceAssetDB has modification time of '2026-04-03T15:03:03.2564597Z' while content on disk has modification time of '2026-04-03T15:03:37.0797092Z'
  ERROR: Build asset version error: assets/scenes/paddle.cs in SourceAssetDB has modification time of '2026-04-03T15:03:03.2564597Z' while content on disk has modification time of '2026-04-03T15:03:37.0797092Z'
Number of updated asset objects reloaded before import = 0Number of asset objects unloaded after import = 0

========================================================================
Received Import Request.
  Time since last request: 0.000064 seconds.
  path: Assets/Scenes/Paddle.cs
  artifactKey: Guid(68c1c49e2364bbb4d93898ff2f348a28) Importer(815301076,1909f56bfc062723c751e8b465ee728b)
Start importing Assets/Scenes/Paddle.cs using Guid(68c1c49e2364bbb4d93898ff2f348a28) Importer(815301076,1909f56bfc062723c751e8b465ee728b) (PreviewImporter) -> (artifact id: '00000000000000000000000000000000') in 0.0041557 seconds
Import Error Code:(4)
Message: Build asset version error: assets/scenes/paddle.cs in SourceAssetDB has modification time of '2026-04-03T15:03:03.2564597Z' while content on disk has modification time of '2026-04-03T15:03:37.0797092Z'
  ERROR: Build asset version error: assets/scenes/paddle.cs in SourceAssetDB has modification time of '2026-04-03T15:03:03.2564597Z' while content on disk has modification time of '2026-04-03T15:03:37.0797092Z'
Number of updated asset objects reloaded before import = 0Number of asset objects unloaded after import = 0

========================================================================
Received Import Request.
  Time since last request: 0.000038 seconds.
  path: Assets/Scenes/Paddle.cs
  artifactKey: Guid(68c1c49e2364bbb4d93898ff2f348a28) Importer(815301076,1909f56bfc062723c751e8b465ee728b)
Start importing Assets/Scenes/Paddle.cs using Guid(68c1c49e2364bbb4d93898ff2f348a28) Importer(815301076,1909f56bfc062723c751e8b465ee728b) (PreviewImporter) -> (artifact id: '00000000000000000000000000000000') in 0.001638 seconds
Import Error Code:(4)
Message: Build asset version error: assets/scenes/paddle.cs in SourceAssetDB has modification time of '2026-04-03T15:03:03.2564597Z' while content on disk has modification time of '2026-04-03T15:03:37.0797092Z'
  ERROR: Build asset version error: assets/scenes/paddle.cs in SourceAssetDB has modification time of '2026-04-03T15:03:03.2564597Z' while content on disk has modification time of '2026-04-03T15:03:37.0797092Z'
Number of updated asset objects reloaded before import = 0Number of asset objects unloaded after import = 0

========================================================================
Received Import Request.
  Time since last request: 0.000047 seconds.
  path: Assets/Scenes/Paddle.cs
  artifactKey: Guid(68c1c49e2364bbb4d93898ff2f348a28) Importer(815301076,1909f56bfc062723c751e8b465ee728b)
Start importing Assets/Scenes/Paddle.cs using Guid(68c1c49e2364bbb4d93898ff2f348a28) Importer(815301076,1909f56bfc062723c751e8b465ee728b) (PreviewImporter) -> (artifact id: '00000000000000000000000000000000') in 0.0018987 seconds
Import Error Code:(4)
Message: Build asset version error: assets/scenes/paddle.cs in SourceAssetDB has modification time of '2026-04-03T15:03:03.2564597Z' while content on disk has modification time of '2026-04-03T15:03:37.0797092Z'
  ERROR: Build asset version error: assets/scenes/paddle.cs in SourceAssetDB has modification time of '2026-04-03T15:03:03.2564597Z' while content on disk has modification time of '2026-04-03T15:03:37.0797092Z'
Number of updated asset objects reloaded before import = 0Number of asset objects unloaded after import = 0

========================================================================
Received Import Request.
  Time since last request: 0.000139 seconds.
  path: Assets/Scenes/Paddle.cs
  artifactKey: Guid(68c1c49e2364bbb4d93898ff2f348a28) Importer(815301076,1909f56bfc062723c751e8b465ee728b)
Start importing Assets/Scenes/Paddle.cs using Guid(68c1c49e2364bbb4d93898ff2f348a28) Importer(815301076,1909f56bfc062723c751e8b465ee728b) (PreviewImporter) -> (artifact id: '00000000000000000000000000000000') in 0.0016625 seconds
Import Error Code:(4)
Message: Build asset version error: assets/scenes/paddle.cs in SourceAssetDB has modification time of '2026-04-03T15:03:03.2564597Z' while content on disk has modification time of '2026-04-03T15:03:37.0797092Z'
  ERROR: Build asset version error: assets/scenes/paddle.cs in SourceAssetDB has modification time of '2026-04-03T15:03:03.2564597Z' while content on disk has modification time of '2026-04-03T15:03:37.0797092Z'
Number of updated asset objects reloaded before import = 0Number of asset objects unloaded after import = 0

========================================================================
Received Import Request.
  Time since last request: 0.000058 seconds.
  path: Assets/Scenes/Paddle.cs
  artifactKey: Guid(68c1c49e2364bbb4d93898ff2f348a28) Importer(815301076,1909f56bfc062723c751e8b465ee728b)
Start importing Assets/Scenes/Paddle.cs using Guid(68c1c49e2364bbb4d93898ff2f348a28) Importer(815301076,1909f56bfc062723c751e8b465ee728b) (PreviewImporter) -> (artifact id: '00000000000000000000000000000000') in 0.0044603 seconds
Import Error Code:(4)
Message: Build asset version error: assets/scenes/paddle.cs in SourceAssetDB has modification time of '2026-04-03T15:03:03.2564597Z' while content on disk has modification time of '2026-04-03T15:03:37.0797092Z'
  ERROR: Build asset version error: assets/scenes/paddle.cs in SourceAssetDB has modification time of '2026-04-03T15:03:03.2564597Z' while content on disk has modification time of '2026-04-03T15:03:37.0797092Z'
Number of updated asset objects reloaded before import = 0Number of asset objects unloaded after import = 0

========================================================================
Received Import Request.
  Time since last request: 0.000049 seconds.
  path: Assets/Scenes/Paddle.cs
  artifactKey: Guid(68c1c49e2364bbb4d93898ff2f348a28) Importer(815301076,1909f56bfc062723c751e8b465ee728b)
Start importing Assets/Scenes/Paddle.cs using Guid(68c1c49e2364bbb4d93898ff2f348a28) Importer(815301076,1909f56bfc062723c751e8b465ee728b) (PreviewImporter) -> (artifact id: '00000000000000000000000000000000') in 0.0013111 seconds
Import Error Code:(4)
Message: Build asset version error: assets/scenes/paddle.cs in SourceAssetDB has modification time of '2026-04-03T15:03:03.2564597Z' while content on disk has modification time of '2026-04-03T15:03:37.0797092Z'
  ERROR: Build asset version error: assets/scenes/paddle.cs in SourceAssetDB has modification time of '2026-04-03T15:03:03.2564597Z' while content on disk has modification time of '2026-04-03T15:03:37.0797092Z'
Number of updated asset objects reloaded before import = 0Number of asset objects unloaded after import = 0

========================================================================
Received Import Request.
  Time since last request: 0.000074 seconds.
  path: Assets/Scenes/Paddle.cs
  artifactKey: Guid(68c1c49e2364bbb4d93898ff2f348a28) Importer(815301076,1909f56bfc062723c751e8b465ee728b)
Start importing Assets/Scenes/Paddle.cs using Guid(68c1c49e2364bbb4d93898ff2f348a28) Importer(815301076,1909f56bfc062723c751e8b465ee728b) (PreviewImporter) -> (artifact id: '00000000000000000000000000000000') in 0.0035484 seconds
Import Error Code:(4)
Message: Build asset version error: assets/scenes/paddle.cs in SourceAssetDB has modification time of '2026-04-03T15:03:03.2564597Z' while content on disk has modification time of '2026-04-03T15:03:37.0797092Z'
  ERROR: Build asset version error: assets/scenes/paddle.cs in SourceAssetDB has modification time of '2026-04-03T15:03:03.2564597Z' while content on disk has modification time of '2026-04-03T15:03:37.0797092Z'
Number of updated asset objects reloaded before import = 0Number of asset objects unloaded after import = 0

========================================================================
Received Import Request.
  Time since last request: 0.000046 seconds.
  path: Assets/Scenes/Paddle.cs
  artifactKey: Guid(68c1c49e2364bbb4d93898ff2f348a28) Importer(815301076,1909f56bfc062723c751e8b465ee728b)
Start importing Assets/Scenes/Paddle.cs using Guid(68c1c49e2364bbb4d93898ff2f348a28) Importer(815301076,1909f56bfc062723c751e8b465ee728b) (PreviewImporter) -> (artifact id: '00000000000000000000000000000000') in 0.0006576 seconds
Import Error Code:(4)
Message: Build asset version error: assets/scenes/paddle.cs in SourceAssetDB has modification time of '2026-04-03T15:03:03.2564597Z' while content on disk has modification time of '2026-04-03T15:03:37.0797092Z'
  ERROR: Build asset version error: assets/scenes/paddle.cs in SourceAssetDB has modification time of '2026-04-03T15:03:03.2564597Z' while content on disk has modification time of '2026-04-03T15:03:37.0797092Z'
Number of updated asset objects reloaded before import = 0Number of asset objects unloaded after import = 0

========================================================================
Received Import Request.
  Time since last request: 0.000046 seconds.
  path: Assets/Scenes/Paddle.cs
  artifactKey: Guid(68c1c49e2364bbb4d93898ff2f348a28) Importer(815301076,1909f56bfc062723c751e8b465ee728b)
Start importing Assets/Scenes/Paddle.cs using Guid(68c1c49e2364bbb4d93898ff2f348a28) Importer(815301076,1909f56bfc062723c751e8b465ee728b) (PreviewImporter) -> (artifact id: '00000000000000000000000000000000') in 0.0019398 seconds
Import Error Code:(4)
Message: Build asset version error: assets/scenes/paddle.cs in SourceAssetDB has modification time of '2026-04-03T15:03:03.2564597Z' while content on disk has modification time of '2026-04-03T15:03:37.0797092Z'
  ERROR: Build asset version error: assets/scenes/paddle.cs in SourceAssetDB has modification time of '2026-04-03T15:03:03.2564597Z' while content on disk has modification time of '2026-04-03T15:03:37.0797092Z'
Number of updated asset objects reloaded before import = 0Number of asset objects unloaded after import = 0

========================================================================
Received Import Request.
  Time since last request: 0.000071 seconds.
  path: Assets/Scenes/Paddle.cs
  artifactKey: Guid(68c1c49e2364bbb4d93898ff2f348a28) Importer(815301076,1909f56bfc062723c751e8b465ee728b)
Start importing Assets/Scenes/Paddle.cs using Guid(68c1c49e2364bbb4d93898ff2f348a28) Importer(815301076,1909f56bfc062723c751e8b465ee728b) (PreviewImporter) -> (artifact id: '00000000000000000000000000000000') in 0.0008773 seconds
Import Error Code:(4)
Message: Build asset version error: assets/scenes/paddle.cs in SourceAssetDB has modification time of '2026-04-03T15:03:03.2564597Z' while content on disk has modification time of '2026-04-03T15:03:37.0797092Z'
  ERROR: Build asset version error: assets/scenes/paddle.cs in SourceAssetDB has modification time of '2026-04-03T15:03:03.2564597Z' while content on disk has modification time of '2026-04-03T15:03:37.0797092Z'
Number of updated asset objects reloaded before import = 0Number of asset objects unloaded after import = 0

========================================================================
Received Import Request.
  Time since last request: 0.000040 seconds.
  path: Assets/Scenes/Paddle.cs
  artifactKey: Guid(68c1c49e2364bbb4d93898ff2f348a28) Importer(815301076,1909f56bfc062723c751e8b465ee728b)
Start importing Assets/Scenes/Paddle.cs using Guid(68c1c49e2364bbb4d93898ff2f348a28) Importer(815301076,1909f56bfc062723c751e8b465ee728b) (PreviewImporter) -> (artifact id: '00000000000000000000000000000000') in 0.002232 seconds
Import Error Code:(4)
Message: Build asset version error: assets/scenes/paddle.cs in SourceAssetDB has modification time of '2026-04-03T15:03:03.2564597Z' while content on disk has modification time of '2026-04-03T15:03:37.0797092Z'
  ERROR: Build asset version error: assets/scenes/paddle.cs in SourceAssetDB has modification time of '2026-04-03T15:03:03.2564597Z' while content on disk has modification time of '2026-04-03T15:03:37.0797092Z'
Number of updated asset objects reloaded before import = 0Number of asset objects unloaded after import = 0

========================================================================
Received Import Request.
  Time since last request: 0.000024 seconds.
  path: Assets/Scenes/Paddle.cs
  artifactKey: Guid(68c1c49e2364bbb4d93898ff2f348a28) Importer(815301076,1909f56bfc062723c751e8b465ee728b)
Start importing Assets/Scenes/Paddle.cs using Guid(68c1c49e2364bbb4d93898ff2f348a28) Importer(815301076,1909f56bfc062723c751e8b465ee728b) (PreviewImporter) -> (artifact id: '00000000000000000000000000000000') in 0.0026798 seconds
Import Error Code:(4)
Message: Build asset version error: assets/scenes/paddle.cs in SourceAssetDB has modification time of '2026-04-03T15:03:03.2564597Z' while content on disk has modification time of '2026-04-03T15:03:37.0797092Z'
  ERROR: Build asset version error: assets/scenes/paddle.cs in SourceAssetDB has modification time of '2026-04-03T15:03:03.2564597Z' while content on disk has modification time of '2026-04-03T15:03:37.0797092Z'
Number of updated asset objects reloaded before import = 0Number of asset objects unloaded after import = 0

========================================================================
Received Import Request.
  Time since last request: 0.000064 seconds.
  path: Assets/Scenes/Paddle.cs
  artifactKey: Guid(68c1c49e2364bbb4d93898ff2f348a28) Importer(815301076,1909f56bfc062723c751e8b465ee728b)
Start importing Assets/Scenes/Paddle.cs using Guid(68c1c49e2364bbb4d93898ff2f348a28) Importer(815301076,1909f56bfc062723c751e8b465ee728b) (PreviewImporter) -> (artifact id: '00000000000000000000000000000000') in 0.0019358 seconds
Import Error Code:(4)
Message: Build asset version error: assets/scenes/paddle.cs in SourceAssetDB has modification time of '2026-04-03T15:03:03.2564597Z' while content on disk has modification time of '2026-04-03T15:03:37.0797092Z'
  ERROR: Build asset version error: assets/scenes/paddle.cs in SourceAssetDB has modification time of '2026-04-03T15:03:03.2564597Z' while content on disk has modification time of '2026-04-03T15:03:37.0797092Z'
Number of updated asset objects reloaded before import = 0Number of asset objects unloaded after import = 0

========================================================================
Received Import Request.
  Time since last request: 0.000040 seconds.
  path: Assets/Scenes/Paddle.cs
  artifactKey: Guid(68c1c49e2364bbb4d93898ff2f348a28) Importer(815301076,1909f56bfc062723c751e8b465ee728b)
Start importing Assets/Scenes/Paddle.cs using Guid(68c1c49e2364bbb4d93898ff2f348a28) Importer(815301076,1909f56bfc062723c751e8b465ee728b) (PreviewImporter) -> (artifact id: '00000000000000000000000000000000') in 0.0028121 seconds
Import Error Code:(4)
Message: Build asset version error: assets/scenes/paddle.cs in SourceAssetDB has modification time of '2026-04-03T15:03:03.2564597Z' while content on disk has modification time of '2026-04-03T15:03:37.0797092Z'
  ERROR: Build asset version error: assets/scenes/paddle.cs in SourceAssetDB has modification time of '2026-04-03T15:03:03.2564597Z' while content on disk has modification time of '2026-04-03T15:03:37.0797092Z'
Number of updated asset objects reloaded before import = 0Number of asset objects unloaded after import = 0

========================================================================
Received Import Request.
  Time since last request: 0.000027 seconds.
  path: Assets/Scenes/Paddle.cs
  artifactKey: Guid(68c1c49e2364bbb4d93898ff2f348a28) Importer(815301076,1909f56bfc062723c751e8b465ee728b)
Start importing Assets/Scenes/Paddle.cs using Guid(68c1c49e2364bbb4d93898ff2f348a28) Importer(815301076,1909f56bfc062723c751e8b465ee728b) (PreviewImporter) -> (artifact id: '00000000000000000000000000000000') in 0.0027041 seconds
Import Error Code:(4)
Message: Build asset version error: assets/scenes/paddle.cs in SourceAssetDB has modification time of '2026-04-03T15:03:03.2564597Z' while content on disk has modification time of '2026-04-03T15:03:37.0797092Z'
  ERROR: Build asset version error: assets/scenes/paddle.cs in SourceAssetDB has modification time of '2026-04-03T15:03:03.2564597Z' while content on disk has modification time of '2026-04-03T15:03:37.0797092Z'
Number of updated asset objects reloaded before import = 0Number of asset objects unloaded after import = 0

========================================================================
Received Import Request.
  Time since last request: 0.000084 seconds.
  path: Assets/Scenes/Paddle.cs
  artifactKey: Guid(68c1c49e2364bbb4d93898ff2f348a28) Importer(815301076,1909f56bfc062723c751e8b465ee728b)
Start importing Assets/Scenes/Paddle.cs using Guid(68c1c49e2364bbb4d93898ff2f348a28) Importer(815301076,1909f56bfc062723c751e8b465ee728b) (PreviewImporter) -> (artifact id: '00000000000000000000000000000000') in 0.0016192 seconds
Import Error Code:(4)
Message: Build asset version error: assets/scenes/paddle.cs in SourceAssetDB has modification time of '2026-04-03T15:03:03.2564597Z' while content on disk has modification time of '2026-04-03T15:03:37.0797092Z'
  ERROR: Build asset version error: assets/scenes/paddle.cs in SourceAssetDB has modification time of '2026-04-03T15:03:03.2564597Z' while content on disk has modification time of '2026-04-03T15:03:37.0797092Z'
Number of updated asset objects reloaded before import = 0Number of asset objects unloaded after import = 0

========================================================================
Received Import Request.
  Time since last request: 0.000046 seconds.
  path: Assets/Scenes/Paddle.cs
  artifactKey: Guid(68c1c49e2364bbb4d93898ff2f348a28) Importer(815301076,1909f56bfc062723c751e8b465ee728b)
Start importing Assets/Scenes/Paddle.cs using Guid(68c1c49e2364bbb4d93898ff2f348a28) Importer(815301076,1909f56bfc062723c751e8b465ee728b) (PreviewImporter) -> (artifact id: '00000000000000000000000000000000') in 0.0042146 seconds
Import Error Code:(4)
Message: Build asset version error: assets/scenes/paddle.cs in SourceAssetDB has modification time of '2026-04-03T15:03:03.2564597Z' while content on disk has modification time of '2026-04-03T15:03:37.0797092Z'
  ERROR: Build asset version error: assets/scenes/paddle.cs in SourceAssetDB has modification time of '2026-04-03T15:03:03.2564597Z' while content on disk has modification time of '2026-04-03T15:03:37.0797092Z'
Number of updated asset objects reloaded before import = 0Number of asset objects unloaded after import = 0

========================================================================
Received Import Request.
  Time since last request: 0.000070 seconds.
  path: Assets/Scenes/Paddle.cs
  artifactKey: Guid(68c1c49e2364bbb4d93898ff2f348a28) Importer(815301076,1909f56bfc062723c751e8b465ee728b)
Start importing Assets/Scenes/Paddle.cs using Guid(68c1c49e2364bbb4d93898ff2f348a28) Importer(815301076,1909f56bfc062723c751e8b465ee728b) (PreviewImporter) -> (artifact id: '00000000000000000000000000000000') in 0.0024548 seconds
Import Error Code:(4)
Message: Build asset version error: assets/scenes/paddle.cs in SourceAssetDB has modification time of '2026-04-03T15:03:03.2564597Z' while content on disk has modification time of '2026-04-03T15:03:37.0797092Z'
  ERROR: Build asset version error: assets/scenes/paddle.cs in SourceAssetDB has modification time of '2026-04-03T15:03:03.2564597Z' while content on disk has modification time of '2026-04-03T15:03:37.0797092Z'
Number of updated asset objects reloaded before import = 0Number of asset objects unloaded after import = 0

========================================================================
Received Import Request.
  Time since last request: 0.000084 seconds.
  path: Assets/Scenes/Paddle.cs
  artifactKey: Guid(68c1c49e2364bbb4d93898ff2f348a28) Importer(815301076,1909f56bfc062723c751e8b465ee728b)
Start importing Assets/Scenes/Paddle.cs using Guid(68c1c49e2364bbb4d93898ff2f348a28) Importer(815301076,1909f56bfc062723c751e8b465ee728b) (PreviewImporter) -> (artifact id: '00000000000000000000000000000000') in 0.0021458 seconds
Import Error Code:(4)
Message: Build asset version error: assets/scenes/paddle.cs in SourceAssetDB has modification time of '2026-04-03T15:03:03.2564597Z' while content on disk has modification time of '2026-04-03T15:03:37.0797092Z'
  ERROR: Build asset version error: assets/scenes/paddle.cs in SourceAssetDB has modification time of '2026-04-03T15:03:03.2564597Z' while content on disk has modification time of '2026-04-03T15:03:37.0797092Z'
Number of updated asset objects reloaded before import = 0Number of asset objects unloaded after import = 0

========================================================================
Received Import Request.
  Time since last request: 0.000059 seconds.
  path: Assets/Scenes/Paddle.cs
  artifactKey: Guid(68c1c49e2364bbb4d93898ff2f348a28) Importer(815301076,1909f56bfc062723c751e8b465ee728b)
Start importing Assets/Scenes/Paddle.cs using Guid(68c1c49e2364bbb4d93898ff2f348a28) Importer(815301076,1909f56bfc062723c751e8b465ee728b) (PreviewImporter) -> (artifact id: '00000000000000000000000000000000') in 0.0022978 seconds
Import Error Code:(4)
Message: Build asset version error: assets/scenes/paddle.cs in SourceAssetDB has modification time of '2026-04-03T15:03:03.2564597Z' while content on disk has modification time of '2026-04-03T15:03:37.0797092Z'
  ERROR: Build asset version error: assets/scenes/paddle.cs in SourceAssetDB has modification time of '2026-04-03T15:03:03.2564597Z' while content on disk has modification time of '2026-04-03T15:03:37.0797092Z'
Number of updated asset objects reloaded before import = 0Number of asset objects unloaded after import = 0

========================================================================
Received Import Request.
  Time since last request: 0.000104 seconds.
  path: Assets/Scenes/Paddle.cs
  artifactKey: Guid(68c1c49e2364bbb4d93898ff2f348a28) Importer(815301076,1909f56bfc062723c751e8b465ee728b)
Start importing Assets/Scenes/Paddle.cs using Guid(68c1c49e2364bbb4d93898ff2f348a28) Importer(815301076,1909f56bfc062723c751e8b465ee728b) (PreviewImporter) -> (artifact id: '00000000000000000000000000000000') in 0.0021396 seconds
Import Error Code:(4)
Message: Build asset version error: assets/scenes/paddle.cs in SourceAssetDB has modification time of '2026-04-03T15:03:03.2564597Z' while content on disk has modification time of '2026-04-03T15:03:37.0797092Z'
  ERROR: Build asset version error: assets/scenes/paddle.cs in SourceAssetDB has modification time of '2026-04-03T15:03:03.2564597Z' while content on disk has modification time of '2026-04-03T15:03:37.0797092Z'
Number of updated asset objects reloaded before import = 0Number of asset objects unloaded after import = 0

========================================================================
Received Import Request.
  Time since last request: 0.000039 seconds.
  path: Assets/Scenes/Paddle.cs
  artifactKey: Guid(68c1c49e2364bbb4d93898ff2f348a28) Importer(815301076,1909f56bfc062723c751e8b465ee728b)
Start importing Assets/Scenes/Paddle.cs using Guid(68c1c49e2364bbb4d93898ff2f348a28) Importer(815301076,1909f56bfc062723c751e8b465ee728b) (PreviewImporter) -> (artifact id: '00000000000000000000000000000000') in 0.0011886 seconds
Import Error Code:(4)
Message: Build asset version error: assets/scenes/paddle.cs in SourceAssetDB has modification time of '2026-04-03T15:03:03.2564597Z' while content on disk has modification time of '2026-04-03T15:03:37.0797092Z'
  ERROR: Build asset version error: assets/scenes/paddle.cs in SourceAssetDB has modification time of '2026-04-03T15:03:03.2564597Z' while content on disk has modification time of '2026-04-03T15:03:37.0797092Z'
Number of updated asset objects reloaded before import = 0Number of asset objects unloaded after import = 0

========================================================================
Received Import Request.
  Time since last request: 0.000044 seconds.
  path: Assets/Scenes/Paddle.cs
  artifactKey: Guid(68c1c49e2364bbb4d93898ff2f348a28) Importer(815301076,1909f56bfc062723c751e8b465ee728b)
Start importing Assets/Scenes/Paddle.cs using Guid(68c1c49e2364bbb4d93898ff2f348a28) Importer(815301076,1909f56bfc062723c751e8b465ee728b) (PreviewImporter) -> (artifact id: '00000000000000000000000000000000') in 0.0025942 seconds
Import Error Code:(4)
Message: Build asset version error: assets/scenes/paddle.cs in SourceAssetDB has modification time of '2026-04-03T15:03:03.2564597Z' while content on disk has modification time of '2026-04-03T15:03:37.0797092Z'
  ERROR: Build asset version error: assets/scenes/paddle.cs in SourceAssetDB has modification time of '2026-04-03T15:03:03.2564597Z' while content on disk has modification time of '2026-04-03T15:03:37.0797092Z'
Number of updated asset objects reloaded before import = 0Number of asset objects unloaded after import = 0

========================================================================
Received Import Request.
  Time since last request: 0.000080 seconds.
  path: Assets/Scenes/Paddle.cs
  artifactKey: Guid(68c1c49e2364bbb4d93898ff2f348a28) Importer(815301076,1909f56bfc062723c751e8b465ee728b)
Start importing Assets/Scenes/Paddle.cs using Guid(68c1c49e2364bbb4d93898ff2f348a28) Importer(815301076,1909f56bfc062723c751e8b465ee728b) (PreviewImporter) -> (artifact id: '00000000000000000000000000000000') in 0.0032675 seconds
Import Error Code:(4)
Message: Build asset version error: assets/scenes/paddle.cs in SourceAssetDB has modification time of '2026-04-03T15:03:03.2564597Z' while content on disk has modification time of '2026-04-03T15:03:37.0797092Z'
  ERROR: Build asset version error: assets/scenes/paddle.cs in SourceAssetDB has modification time of '2026-04-03T15:03:03.2564597Z' while content on disk has modification time of '2026-04-03T15:03:37.0797092Z'
Number of updated asset objects reloaded before import = 0Number of asset objects unloaded after import = 0

========================================================================
Received Import Request.
  Time since last request: 0.000073 seconds.
  path: Assets/Scenes/Paddle.cs
  artifactKey: Guid(68c1c49e2364bbb4d93898ff2f348a28) Importer(815301076,1909f56bfc062723c751e8b465ee728b)
Start importing Assets/Scenes/Paddle.cs using Guid(68c1c49e2364bbb4d93898ff2f348a28) Importer(815301076,1909f56bfc062723c751e8b465ee728b) (PreviewImporter) -> (artifact id: '00000000000000000000000000000000') in 0.0020561 seconds
Import Error Code:(4)
Message: Build asset version error: assets/scenes/paddle.cs in SourceAssetDB has modification time of '2026-04-03T15:03:03.2564597Z' while content on disk has modification time of '2026-04-03T15:03:37.0797092Z'
  ERROR: Build asset version error: assets/scenes/paddle.cs in SourceAssetDB has modification time of '2026-04-03T15:03:03.2564597Z' while content on disk has modification time of '2026-04-03T15:03:37.0797092Z'
Number of updated asset objects reloaded before import = 0Number of asset objects unloaded after import = 0

========================================================================
Received Import Request.
  Time since last request: 0.000072 seconds.
  path: Assets/Scenes/Paddle.cs
  artifactKey: Guid(68c1c49e2364bbb4d93898ff2f348a28) Importer(815301076,1909f56bfc062723c751e8b465ee728b)
Start importing Assets/Scenes/Paddle.cs using Guid(68c1c49e2364bbb4d93898ff2f348a28) Importer(815301076,1909f56bfc062723c751e8b465ee728b) (PreviewImporter) -> (artifact id: '00000000000000000000000000000000') in 0.0042544 seconds
Import Error Code:(4)
Message: Build asset version error: assets/scenes/paddle.cs in SourceAssetDB has modification time of '2026-04-03T15:03:03.2564597Z' while content on disk has modification time of '2026-04-03T15:03:37.0797092Z'
  ERROR: Build asset version error: assets/scenes/paddle.cs in SourceAssetDB has modification time of '2026-04-03T15:03:03.2564597Z' while content on disk has modification time of '2026-04-03T15:03:37.0797092Z'
Number of updated asset objects reloaded before import = 0Number of asset objects unloaded after import = 0

========================================================================
Received Import Request.
  Time since last request: 0.000055 seconds.
  path: Assets/Scenes/Paddle.cs
  artifactKey: Guid(68c1c49e2364bbb4d93898ff2f348a28) Importer(815301076,1909f56bfc062723c751e8b465ee728b)
Start importing Assets/Scenes/Paddle.cs using Guid(68c1c49e2364bbb4d93898ff2f348a28) Importer(815301076,1909f56bfc062723c751e8b465ee728b) (PreviewImporter) -> (artifact id: '00000000000000000000000000000000') in 0.0021342 seconds
Import Error Code:(4)
Message: Build asset version error: assets/scenes/paddle.cs in SourceAssetDB has modification time of '2026-04-03T15:03:03.2564597Z' while content on disk has modification time of '2026-04-03T15:03:37.0797092Z'
  ERROR: Build asset version error: assets/scenes/paddle.cs in SourceAssetDB has modification time of '2026-04-03T15:03:03.2564597Z' while content on disk has modification time of '2026-04-03T15:03:37.0797092Z'
Number of updated asset objects reloaded before import = 0Number of asset objects unloaded after import = 0

========================================================================
Received Import Request.
  Time since last request: 0.000077 seconds.
  path: Assets/Scenes/Paddle.cs
  artifactKey: Guid(68c1c49e2364bbb4d93898ff2f348a28) Importer(815301076,1909f56bfc062723c751e8b465ee728b)
Start importing Assets/Scenes/Paddle.cs using Guid(68c1c49e2364bbb4d93898ff2f348a28) Importer(815301076,1909f56bfc062723c751e8b465ee728b) (PreviewImporter) -> (artifact id: '00000000000000000000000000000000') in 0.0020492 seconds
Import Error Code:(4)
Message: Build asset version error: assets/scenes/paddle.cs in SourceAssetDB has modification time of '2026-04-03T15:03:03.2564597Z' while content on disk has modification time of '2026-04-03T15:03:37.0797092Z'
  ERROR: Build asset version error: assets/scenes/paddle.cs in SourceAssetDB has modification time of '2026-04-03T15:03:03.2564597Z' while content on disk has modification time of '2026-04-03T15:03:37.0797092Z'
Number of updated asset objects reloaded before import = 0Number of asset objects unloaded after import = 0

========================================================================
Received Import Request.
  Time since last request: 0.000186 seconds.
  path: Assets/Scenes/Paddle.cs
  artifactKey: Guid(68c1c49e2364bbb4d93898ff2f348a28) Importer(815301076,1909f56bfc062723c751e8b465ee728b)
Start importing Assets/Scenes/Paddle.cs using Guid(68c1c49e2364bbb4d93898ff2f348a28) Importer(815301076,1909f56bfc062723c751e8b465ee728b) (PreviewImporter) -> (artifact id: '00000000000000000000000000000000') in 0.0023352 seconds
Import Error Code:(4)
Message: Build asset version error: assets/scenes/paddle.cs in SourceAssetDB has modification time of '2026-04-03T15:03:03.2564597Z' while content on disk has modification time of '2026-04-03T15:03:37.0797092Z'
  ERROR: Build asset version error: assets/scenes/paddle.cs in SourceAssetDB has modification time of '2026-04-03T15:03:03.2564597Z' while content on disk has modification time of '2026-04-03T15:03:37.0797092Z'
Number of updated asset objects reloaded before import = 0Number of asset objects unloaded after import = 0

========================================================================
Received Import Request.
  Time since last request: 0.000206 seconds.
  path: Assets/Scenes/Paddle.cs
  artifactKey: Guid(68c1c49e2364bbb4d93898ff2f348a28) Importer(815301076,1909f56bfc062723c751e8b465ee728b)
Start importing Assets/Scenes/Paddle.cs using Guid(68c1c49e2364bbb4d93898ff2f348a28) Importer(815301076,1909f56bfc062723c751e8b465ee728b) (PreviewImporter) -> (artifact id: '00000000000000000000000000000000') in 0.002505 seconds
Import Error Code:(4)
Message: Build asset version error: assets/scenes/paddle.cs in SourceAssetDB has modification time of '2026-04-03T15:03:03.2564597Z' while content on disk has modification time of '2026-04-03T15:03:37.0797092Z'
  ERROR: Build asset version error: assets/scenes/paddle.cs in SourceAssetDB has modification time of '2026-04-03T15:03:03.2564597Z' while content on disk has modification time of '2026-04-03T15:03:37.0797092Z'
Number of updated asset objects reloaded before import = 0Number of asset objects unloaded after import = 0

========================================================================
Received Import Request.
  Time since last request: 0.000060 seconds.
  path: Assets/Scenes/Paddle.cs
  artifactKey: Guid(68c1c49e2364bbb4d93898ff2f348a28) Importer(815301076,1909f56bfc062723c751e8b465ee728b)
Start importing Assets/Scenes/Paddle.cs using Guid(68c1c49e2364bbb4d93898ff2f348a28) Importer(815301076,1909f56bfc062723c751e8b465ee728b) (PreviewImporter) -> (artifact id: '00000000000000000000000000000000') in 0.0043559 seconds
Import Error Code:(4)
Message: Build asset version error: assets/scenes/paddle.cs in SourceAssetDB has modification time of '2026-04-03T15:03:03.2564597Z' while content on disk has modification time of '2026-04-03T15:03:37.0797092Z'
  ERROR: Build asset version error: assets/scenes/paddle.cs in SourceAssetDB has modification time of '2026-04-03T15:03:03.2564597Z' while content on disk has modification time of '2026-04-03T15:03:37.0797092Z'
Number of updated asset objects reloaded before import = 0Number of asset objects unloaded after import = 0

========================================================================
Received Import Request.
  Time since last request: 0.000084 seconds.
  path: Assets/Scenes/Paddle.cs
  artifactKey: Guid(68c1c49e2364bbb4d93898ff2f348a28) Importer(815301076,1909f56bfc062723c751e8b465ee728b)
Start importing Assets/Scenes/Paddle.cs using Guid(68c1c49e2364bbb4d93898ff2f348a28) Importer(815301076,1909f56bfc062723c751e8b465ee728b) (PreviewImporter) -> (artifact id: '00000000000000000000000000000000') in 0.0030648 seconds
Import Error Code:(4)
Message: Build asset version error: assets/scenes/paddle.cs in SourceAssetDB has modification time of '2026-04-03T15:03:03.2564597Z' while content on disk has modification time of '2026-04-03T15:03:37.0797092Z'
  ERROR: Build asset version error: assets/scenes/paddle.cs in SourceAssetDB has modification time of '2026-04-03T15:03:03.2564597Z' while content on disk has modification time of '2026-04-03T15:03:37.0797092Z'
Number of updated asset objects reloaded before import = 0Number of asset objects unloaded after import = 0

========================================================================
Received Import Request.
  Time since last request: 0.000056 seconds.
  path: Assets/Scenes/Paddle.cs
  artifactKey: Guid(68c1c49e2364bbb4d93898ff2f348a28) Importer(815301076,1909f56bfc062723c751e8b465ee728b)
Start importing Assets/Scenes/Paddle.cs using Guid(68c1c49e2364bbb4d93898ff2f348a28) Importer(815301076,1909f56bfc062723c751e8b465ee728b) (PreviewImporter) -> (artifact id: '00000000000000000000000000000000') in 0.0049043 seconds
Import Error Code:(4)
Message: Build asset version error: assets/scenes/paddle.cs in SourceAssetDB has modification time of '2026-04-03T15:03:03.2564597Z' while content on disk has modification time of '2026-04-03T15:03:37.0797092Z'
  ERROR: Build asset version error: assets/scenes/paddle.cs in SourceAssetDB has modification time of '2026-04-03T15:03:03.2564597Z' while content on disk has modification time of '2026-04-03T15:03:37.0797092Z'
Number of updated asset objects reloaded before import = 0Number of asset objects unloaded after import = 0

========================================================================
Received Import Request.
  Time since last request: 0.000076 seconds.
  path: Assets/Scenes/Paddle.cs
  artifactKey: Guid(68c1c49e2364bbb4d93898ff2f348a28) Importer(815301076,1909f56bfc062723c751e8b465ee728b)
Start importing Assets/Scenes/Paddle.cs using Guid(68c1c49e2364bbb4d93898ff2f348a28) Importer(815301076,1909f56bfc062723c751e8b465ee728b) (PreviewImporter) -> (artifact id: '00000000000000000000000000000000') in 0.0029141 seconds
Import Error Code:(4)
Message: Build asset version error: assets/scenes/paddle.cs in SourceAssetDB has modification time of '2026-04-03T15:03:03.2564597Z' while content on disk has modification time of '2026-04-03T15:03:37.0797092Z'
  ERROR: Build asset version error: assets/scenes/paddle.cs in SourceAssetDB has modification time of '2026-04-03T15:03:03.2564597Z' while content on disk has modification time of '2026-04-03T15:03:37.0797092Z'
Number of updated asset objects reloaded before import = 0Number of asset objects unloaded after import = 0

========================================================================
Received Import Request.
  Time since last request: 0.000056 seconds.
  path: Assets/Scenes/Paddle.cs
  artifactKey: Guid(68c1c49e2364bbb4d93898ff2f348a28) Importer(815301076,1909f56bfc062723c751e8b465ee728b)
Start importing Assets/Scenes/Paddle.cs using Guid(68c1c49e2364bbb4d93898ff2f348a28) Importer(815301076,1909f56bfc062723c751e8b465ee728b) (PreviewImporter) -> (artifact id: '00000000000000000000000000000000') in 0.0027139 seconds
Import Error Code:(4)
Message: Build asset version error: assets/scenes/paddle.cs in SourceAssetDB has modification time of '2026-04-03T15:03:03.2564597Z' while content on disk has modification time of '2026-04-03T15:03:37.0797092Z'
  ERROR: Build asset version error: assets/scenes/paddle.cs in SourceAssetDB has modification time of '2026-04-03T15:03:03.2564597Z' while content on disk has modification time of '2026-04-03T15:03:37.0797092Z'
Number of updated asset objects reloaded before import = 0Number of asset objects unloaded after import = 0

========================================================================
Received Import Request.
  Time since last request: 0.000086 seconds.
  path: Assets/Scenes/Paddle.cs
  artifactKey: Guid(68c1c49e2364bbb4d93898ff2f348a28) Importer(815301076,1909f56bfc062723c751e8b465ee728b)
Start importing Assets/Scenes/Paddle.cs using Guid(68c1c49e2364bbb4d93898ff2f348a28) Importer(815301076,1909f56bfc062723c751e8b465ee728b) (PreviewImporter) -> (artifact id: '00000000000000000000000000000000') in 0.0013091 seconds
Import Error Code:(4)
Message: Build asset version error: assets/scenes/paddle.cs in SourceAssetDB has modification time of '2026-04-03T15:03:03.2564597Z' while content on disk has modification time of '2026-04-03T15:03:37.0797092Z'
  ERROR: Build asset version error: assets/scenes/paddle.cs in SourceAssetDB has modification time of '2026-04-03T15:03:03.2564597Z' while content on disk has modification time of '2026-04-03T15:03:37.0797092Z'
Number of updated asset objects reloaded before import = 0Number of asset objects unloaded after import = 0

========================================================================
Received Import Request.
  Time since last request: 0.000051 seconds.
  path: Assets/Scenes/Paddle.cs
  artifactKey: Guid(68c1c49e2364bbb4d93898ff2f348a28) Importer(815301076,1909f56bfc062723c751e8b465ee728b)
Start importing Assets/Scenes/Paddle.cs using Guid(68c1c49e2364bbb4d93898ff2f348a28) Importer(815301076,1909f56bfc062723c751e8b465ee728b) (PreviewImporter) -> (artifact id: '00000000000000000000000000000000') in 0.0025238 seconds
Import Error Code:(4)
Message: Build asset version error: assets/scenes/paddle.cs in SourceAssetDB has modification time of '2026-04-03T15:03:03.2564597Z' while content on disk has modification time of '2026-04-03T15:03:37.0797092Z'
  ERROR: Build asset version error: assets/scenes/paddle.cs in SourceAssetDB has modification time of '2026-04-03T15:03:03.2564597Z' while content on disk has modification time of '2026-04-03T15:03:37.0797092Z'
Number of updated asset objects reloaded before import = 0Number of asset objects unloaded after import = 0

========================================================================
Received Import Request.
  Time since last request: 0.000693 seconds.
  path: Assets/Scenes/Paddle.cs
  artifactKey: Guid(68c1c49e2364bbb4d93898ff2f348a28) Importer(815301076,1909f56bfc062723c751e8b465ee728b)
Start importing Assets/Scenes/Paddle.cs using Guid(68c1c49e2364bbb4d93898ff2f348a28) Importer(815301076,1909f56bfc062723c751e8b465ee728b) (PreviewImporter) -> (artifact id: '00000000000000000000000000000000') in 0.0023485 seconds
Import Error Code:(4)
Message: Build asset version error: assets/scenes/paddle.cs in SourceAssetDB has modification time of '2026-04-03T15:03:03.2564597Z' while content on disk has modification time of '2026-04-03T15:03:37.0797092Z'
  ERROR: Build asset version error: assets/scenes/paddle.cs in SourceAssetDB has modification time of '2026-04-03T15:03:03.2564597Z' while content on disk has modification time of '2026-04-03T15:03:37.0797092Z'
Number of updated asset objects reloaded before import = 0Number of asset objects unloaded after import = 0

========================================================================
Received Import Request.
  Time since last request: 0.000076 seconds.
  path: Assets/Scenes/Paddle.cs
  artifactKey: Guid(68c1c49e2364bbb4d93898ff2f348a28) Importer(815301076,1909f56bfc062723c751e8b465ee728b)
Start importing Assets/Scenes/Paddle.cs using Guid(68c1c49e2364bbb4d93898ff2f348a28) Importer(815301076,1909f56bfc062723c751e8b465ee728b) (PreviewImporter) -> (artifact id: '00000000000000000000000000000000') in 0.0038529 seconds
Import Error Code:(4)
Message: Build asset version error: assets/scenes/paddle.cs in SourceAssetDB has modification time of '2026-04-03T15:03:03.2564597Z' while content on disk has modification time of '2026-04-03T15:03:37.0797092Z'
  ERROR: Build asset version error: assets/scenes/paddle.cs in SourceAssetDB has modification time of '2026-04-03T15:03:03.2564597Z' while content on disk has modification time of '2026-04-03T15:03:37.0797092Z'
Number of updated asset objects reloaded before import = 0Number of asset objects unloaded after import = 0

========================================================================
Received Import Request.
  Time since last request: 0.000138 seconds.
  path: Assets/Scenes/Paddle.cs
  artifactKey: Guid(68c1c49e2364bbb4d93898ff2f348a28) Importer(815301076,1909f56bfc062723c751e8b465ee728b)
Start importing Assets/Scenes/Paddle.cs using Guid(68c1c49e2364bbb4d93898ff2f348a28) Importer(815301076,1909f56bfc062723c751e8b465ee728b) (PreviewImporter) -> (artifact id: '00000000000000000000000000000000') in 0.0019481 seconds
Import Error Code:(4)
Message: Build asset version error: assets/scenes/paddle.cs in SourceAssetDB has modification time of '2026-04-03T15:03:03.2564597Z' while content on disk has modification time of '2026-04-03T15:03:37.0797092Z'
  ERROR: Build asset version error: assets/scenes/paddle.cs in SourceAssetDB has modification time of '2026-04-03T15:03:03.2564597Z' while content on disk has modification time of '2026-04-03T15:03:37.0797092Z'
Number of updated asset objects reloaded before import = 0Number of asset objects unloaded after import = 0

========================================================================
Received Import Request.
  Time since last request: 0.000080 seconds.
  path: Assets/Scenes/Paddle.cs
  artifactKey: Guid(68c1c49e2364bbb4d93898ff2f348a28) Importer(815301076,1909f56bfc062723c751e8b465ee728b)
Start importing Assets/Scenes/Paddle.cs using Guid(68c1c49e2364bbb4d93898ff2f348a28) Importer(815301076,1909f56bfc062723c751e8b465ee728b) (PreviewImporter) -> (artifact id: '00000000000000000000000000000000') in 0.0037025 seconds
Import Error Code:(4)
Message: Build asset version error: assets/scenes/paddle.cs in SourceAssetDB has modification time of '2026-04-03T15:03:03.2564597Z' while content on disk has modification time of '2026-04-03T15:03:37.0797092Z'
  ERROR: Build asset version error: assets/scenes/paddle.cs in SourceAssetDB has modification time of '2026-04-03T15:03:03.2564597Z' while content on disk has modification time of '2026-04-03T15:03:37.0797092Z'
Number of updated asset objects reloaded before import = 0Number of asset objects unloaded after import = 0

========================================================================
Received Import Request.
  Time since last request: 0.000058 seconds.
  path: Assets/Scenes/Paddle.cs
  artifactKey: Guid(68c1c49e2364bbb4d93898ff2f348a28) Importer(815301076,1909f56bfc062723c751e8b465ee728b)
Start importing Assets/Scenes/Paddle.cs using Guid(68c1c49e2364bbb4d93898ff2f348a28) Importer(815301076,1909f56bfc062723c751e8b465ee728b) (PreviewImporter) -> (artifact id: '00000000000000000000000000000000') in 0.0035131 seconds
Import Error Code:(4)
Message: Build asset version error: assets/scenes/paddle.cs in SourceAssetDB has modification time of '2026-04-03T15:03:03.2564597Z' while content on disk has modification time of '2026-04-03T15:03:37.0797092Z'
  ERROR: Build asset version error: assets/scenes/paddle.cs in SourceAssetDB has modification time of '2026-04-03T15:03:03.2564597Z' while content on disk has modification time of '2026-04-03T15:03:37.0797092Z'
Number of updated asset objects reloaded before import = 0Number of asset objects unloaded after import = 0

========================================================================
Received Import Request.
  Time since last request: 0.000080 seconds.
  path: Assets/Scenes/Paddle.cs
  artifactKey: Guid(68c1c49e2364bbb4d93898ff2f348a28) Importer(815301076,1909f56bfc062723c751e8b465ee728b)
Start importing Assets/Scenes/Paddle.cs using Guid(68c1c49e2364bbb4d93898ff2f348a28) Importer(815301076,1909f56bfc062723c751e8b465ee728b) (PreviewImporter) -> (artifact id: '00000000000000000000000000000000') in 0.0038371 seconds
Import Error Code:(4)
Message: Build asset version error: assets/scenes/paddle.cs in SourceAssetDB has modification time of '2026-04-03T15:03:03.2564597Z' while content on disk has modification time of '2026-04-03T15:03:37.0797092Z'
  ERROR: Build asset version error: assets/scenes/paddle.cs in SourceAssetDB has modification time of '2026-04-03T15:03:03.2564597Z' while content on disk has modification time of '2026-04-03T15:03:37.0797092Z'
Number of updated asset objects reloaded before import = 0Number of asset objects unloaded after import = 0

========================================================================
Received Import Request.
  Time since last request: 0.000047 seconds.
  path: Assets/Scenes/Paddle.cs
  artifactKey: Guid(68c1c49e2364bbb4d93898ff2f348a28) Importer(815301076,1909f56bfc062723c751e8b465ee728b)
Start importing Assets/Scenes/Paddle.cs using Guid(68c1c49e2364bbb4d93898ff2f348a28) Importer(815301076,1909f56bfc062723c751e8b465ee728b) (PreviewImporter) -> (artifact id: '00000000000000000000000000000000') in 0.0018678 seconds
Import Error Code:(4)
Message: Build asset version error: assets/scenes/paddle.cs in SourceAssetDB has modification time of '2026-04-03T15:03:03.2564597Z' while content on disk has modification time of '2026-04-03T15:03:37.0797092Z'
  ERROR: Build asset version error: assets/scenes/paddle.cs in SourceAssetDB has modification time of '2026-04-03T15:03:03.2564597Z' while content on disk has modification time of '2026-04-03T15:03:37.0797092Z'
Number of updated asset objects reloaded before import = 0Number of asset objects unloaded after import = 0

========================================================================
Received Import Request.
  Time since last request: 0.000097 seconds.
  path: Assets/Scenes/Paddle.cs
  artifactKey: Guid(68c1c49e2364bbb4d93898ff2f348a28) Importer(815301076,1909f56bfc062723c751e8b465ee728b)
Start importing Assets/Scenes/Paddle.cs using Guid(68c1c49e2364bbb4d93898ff2f348a28) Importer(815301076,1909f56bfc062723c751e8b465ee728b) (PreviewImporter) -> (artifact id: '00000000000000000000000000000000') in 0.0015905 seconds
Import Error Code:(4)
Message: Build asset version error: assets/scenes/paddle.cs in SourceAssetDB has modification time of '2026-04-03T15:03:03.2564597Z' while content on disk has modification time of '2026-04-03T15:03:37.0797092Z'
  ERROR: Build asset version error: assets/scenes/paddle.cs in SourceAssetDB has modification time of '2026-04-03T15:03:03.2564597Z' while content on disk has modification time of '2026-04-03T15:03:37.0797092Z'
Number of updated asset objects reloaded before import = 0Number of asset objects unloaded after import = 0

========================================================================
Received Import Request.
  Time since last request: 0.000046 seconds.
  path: Assets/Scenes/Paddle.cs
  artifactKey: Guid(68c1c49e2364bbb4d93898ff2f348a28) Importer(815301076,1909f56bfc062723c751e8b465ee728b)
Start importing Assets/Scenes/Paddle.cs using Guid(68c1c49e2364bbb4d93898ff2f348a28) Importer(815301076,1909f56bfc062723c751e8b465ee728b) (PreviewImporter) -> (artifact id: '00000000000000000000000000000000') in 0.0013812 seconds
Import Error Code:(4)
Message: Build asset version error: assets/scenes/paddle.cs in SourceAssetDB has modification time of '2026-04-03T15:03:03.2564597Z' while content on disk has modification time of '2026-04-03T15:03:37.0797092Z'
  ERROR: Build asset version error: assets/scenes/paddle.cs in SourceAssetDB has modification time of '2026-04-03T15:03:03.2564597Z' while content on disk has modification time of '2026-04-03T15:03:37.0797092Z'
Number of updated asset objects reloaded before import = 0Number of asset objects unloaded after import = 0

========================================================================
Received Import Request.
  Time since last request: 0.000299 seconds.
  path: Assets/Scenes/Paddle.cs
  artifactKey: Guid(68c1c49e2364bbb4d93898ff2f348a28) Importer(815301076,1909f56bfc062723c751e8b465ee728b)
Start importing Assets/Scenes/Paddle.cs using Guid(68c1c49e2364bbb4d93898ff2f348a28) Importer(815301076,1909f56bfc062723c751e8b465ee728b) (PreviewImporter) -> (artifact id: '00000000000000000000000000000000') in 0.0015948 seconds
Import Error Code:(4)
Message: Build asset version error: assets/scenes/paddle.cs in SourceAssetDB has modification time of '2026-04-03T15:03:03.2564597Z' while content on disk has modification time of '2026-04-03T15:03:37.0797092Z'
  ERROR: Build asset version error: assets/scenes/paddle.cs in SourceAssetDB has modification time of '2026-04-03T15:03:03.2564597Z' while content on disk has modification time of '2026-04-03T15:03:37.0797092Z'
Number of updated asset objects reloaded before import = 0Number of asset objects unloaded after import = 0

========================================================================
Received Import Request.
  Time since last request: 0.000063 seconds.
  path: Assets/Scenes/Paddle.cs
  artifactKey: Guid(68c1c49e2364bbb4d93898ff2f348a28) Importer(815301076,1909f56bfc062723c751e8b465ee728b)
Start importing Assets/Scenes/Paddle.cs using Guid(68c1c49e2364bbb4d93898ff2f348a28) Importer(815301076,1909f56bfc062723c751e8b465ee728b) (PreviewImporter) -> (artifact id: '00000000000000000000000000000000') in 0.0020787 seconds
Import Error Code:(4)
Message: Build asset version error: assets/scenes/paddle.cs in SourceAssetDB has modification time of '2026-04-03T15:03:03.2564597Z' while content on disk has modification time of '2026-04-03T15:03:37.0797092Z'
  ERROR: Build asset version error: assets/scenes/paddle.cs in SourceAssetDB has modification time of '2026-04-03T15:03:03.2564597Z' while content on disk has modification time of '2026-04-03T15:03:37.0797092Z'
Number of updated asset objects reloaded before import = 0Number of asset objects unloaded after import = 0

========================================================================
Received Import Request.
  Time since last request: 0.000051 seconds.
  path: Assets/Scenes/Paddle.cs
  artifactKey: Guid(68c1c49e2364bbb4d93898ff2f348a28) Importer(815301076,1909f56bfc062723c751e8b465ee728b)
Start importing Assets/Scenes/Paddle.cs using Guid(68c1c49e2364bbb4d93898ff2f348a28) Importer(815301076,1909f56bfc062723c751e8b465ee728b) (PreviewImporter) -> (artifact id: '00000000000000000000000000000000') in 0.0028797 seconds
Import Error Code:(4)
Message: Build asset version error: assets/scenes/paddle.cs in SourceAssetDB has modification time of '2026-04-03T15:03:03.2564597Z' while content on disk has modification time of '2026-04-03T15:03:37.0797092Z'
  ERROR: Build asset version error: assets/scenes/paddle.cs in SourceAssetDB has modification time of '2026-04-03T15:03:03.2564597Z' while content on disk has modification time of '2026-04-03T15:03:37.0797092Z'
Number of updated asset objects reloaded before import = 0Number of asset objects unloaded after import = 0

========================================================================
Received Import Request.
  Time since last request: 0.000061 seconds.
  path: Assets/Scenes/Paddle.cs
  artifactKey: Guid(68c1c49e2364bbb4d93898ff2f348a28) Importer(815301076,1909f56bfc062723c751e8b465ee728b)
Start importing Assets/Scenes/Paddle.cs using Guid(68c1c49e2364bbb4d93898ff2f348a28) Importer(815301076,1909f56bfc062723c751e8b465ee728b) (PreviewImporter) -> (artifact id: '00000000000000000000000000000000') in 0.0032341 seconds
Import Error Code:(4)
Message: Build asset version error: assets/scenes/paddle.cs in SourceAssetDB has modification time of '2026-04-03T15:03:03.2564597Z' while content on disk has modification time of '2026-04-03T15:03:37.0797092Z'
  ERROR: Build asset version error: assets/scenes/paddle.cs in SourceAssetDB has modification time of '2026-04-03T15:03:03.2564597Z' while content on disk has modification time of '2026-04-03T15:03:37.0797092Z'
Number of updated asset objects reloaded before import = 0Number of asset objects unloaded after import = 0

========================================================================
Received Import Request.
  Time since last request: 0.000068 seconds.
  path: Assets/Scenes/Paddle.cs
  artifactKey: Guid(68c1c49e2364bbb4d93898ff2f348a28) Importer(815301076,1909f56bfc062723c751e8b465ee728b)
Start importing Assets/Scenes/Paddle.cs using Guid(68c1c49e2364bbb4d93898ff2f348a28) Importer(815301076,1909f56bfc062723c751e8b465ee728b) (PreviewImporter) -> (artifact id: '00000000000000000000000000000000') in 0.0009228 seconds
Import Error Code:(4)
Message: Build asset version error: assets/scenes/paddle.cs in SourceAssetDB has modification time of '2026-04-03T15:03:03.2564597Z' while content on disk has modification time of '2026-04-03T15:03:37.0797092Z'
  ERROR: Build asset version error: assets/scenes/paddle.cs in SourceAssetDB has modification time of '2026-04-03T15:03:03.2564597Z' while content on disk has modification time of '2026-04-03T15:03:37.0797092Z'
Number of updated asset objects reloaded before import = 0Number of asset objects unloaded after import = 0

========================================================================
Received Import Request.
  Time since last request: 0.000041 seconds.
  path: Assets/Scenes/Paddle.cs
  artifactKey: Guid(68c1c49e2364bbb4d93898ff2f348a28) Importer(815301076,1909f56bfc062723c751e8b465ee728b)
Start importing Assets/Scenes/Paddle.cs using Guid(68c1c49e2364bbb4d93898ff2f348a28) Importer(815301076,1909f56bfc062723c751e8b465ee728b) (PreviewImporter) -> (artifact id: '00000000000000000000000000000000') in 0.0020015 seconds
Import Error Code:(4)
Message: Build asset version error: assets/scenes/paddle.cs in SourceAssetDB has modification time of '2026-04-03T15:03:03.2564597Z' while content on disk has modification time of '2026-04-03T15:03:37.0797092Z'
  ERROR: Build asset version error: assets/scenes/paddle.cs in SourceAssetDB has modification time of '2026-04-03T15:03:03.2564597Z' while content on disk has modification time of '2026-04-03T15:03:37.0797092Z'
Number of updated asset objects reloaded before import = 0Number of asset objects unloaded after import = 0

========================================================================
Received Import Request.
  Time since last request: 0.000059 seconds.
  path: Assets/Scenes/Paddle.cs
  artifactKey: Guid(68c1c49e2364bbb4d93898ff2f348a28) Importer(815301076,1909f56bfc062723c751e8b465ee728b)
Start importing Assets/Scenes/Paddle.cs using Guid(68c1c49e2364bbb4d93898ff2f348a28) Importer(815301076,1909f56bfc062723c751e8b465ee728b) (PreviewImporter) -> (artifact id: '00000000000000000000000000000000') in 0.0025365 seconds
Import Error Code:(4)
Message: Build asset version error: assets/scenes/paddle.cs in SourceAssetDB has modification time of '2026-04-03T15:03:03.2564597Z' while content on disk has modification time of '2026-04-03T15:03:37.0797092Z'
  ERROR: Build asset version error: assets/scenes/paddle.cs in SourceAssetDB has modification time of '2026-04-03T15:03:03.2564597Z' while content on disk has modification time of '2026-04-03T15:03:37.0797092Z'
Number of updated asset objects reloaded before import = 0Number of asset objects unloaded after import = 0

========================================================================
Received Import Request.
  Time since last request: 0.000079 seconds.
  path: Assets/Scenes/Paddle.cs
  artifactKey: Guid(68c1c49e2364bbb4d93898ff2f348a28) Importer(815301076,1909f56bfc062723c751e8b465ee728b)
Start importing Assets/Scenes/Paddle.cs using Guid(68c1c49e2364bbb4d93898ff2f348a28) Importer(815301076,1909f56bfc062723c751e8b465ee728b) (PreviewImporter) -> (artifact id: '00000000000000000000000000000000') in 0.0021698 seconds
Import Error Code:(4)
Message: Build asset version error: assets/scenes/paddle.cs in SourceAssetDB has modification time of '2026-04-03T15:03:03.2564597Z' while content on disk has modification time of '2026-04-03T15:03:37.0797092Z'
  ERROR: Build asset version error: assets/scenes/paddle.cs in SourceAssetDB has modification time of '2026-04-03T15:03:03.2564597Z' while content on disk has modification time of '2026-04-03T15:03:37.0797092Z'
Number of updated asset objects reloaded before import = 0Number of asset objects unloaded after import = 0

========================================================================
Received Import Request.
  Time since last request: 0.000039 seconds.
  path: Assets/Scenes/Paddle.cs
  artifactKey: Guid(68c1c49e2364bbb4d93898ff2f348a28) Importer(815301076,1909f56bfc062723c751e8b465ee728b)
Start importing Assets/Scenes/Paddle.cs using Guid(68c1c49e2364bbb4d93898ff2f348a28) Importer(815301076,1909f56bfc062723c751e8b465ee728b) (PreviewImporter) -> (artifact id: '00000000000000000000000000000000') in 0.0015876 seconds
Import Error Code:(4)
Message: Build asset version error: assets/scenes/paddle.cs in SourceAssetDB has modification time of '2026-04-03T15:03:03.2564597Z' while content on disk has modification time of '2026-04-03T15:03:37.0797092Z'
  ERROR: Build asset version error: assets/scenes/paddle.cs in SourceAssetDB has modification time of '2026-04-03T15:03:03.2564597Z' while content on disk has modification time of '2026-04-03T15:03:37.0797092Z'
Number of updated asset objects reloaded before import = 0Number of asset objects unloaded after import = 0

========================================================================
Received Import Request.
  Time since last request: 0.000046 seconds.
  path: Assets/Scenes/Paddle.cs
  artifactKey: Guid(68c1c49e2364bbb4d93898ff2f348a28) Importer(815301076,1909f56bfc062723c751e8b465ee728b)
Start importing Assets/Scenes/Paddle.cs using Guid(68c1c49e2364bbb4d93898ff2f348a28) Importer(815301076,1909f56bfc062723c751e8b465ee728b) (PreviewImporter) -> (artifact id: '00000000000000000000000000000000') in 0.0019206 seconds
Import Error Code:(4)
Message: Build asset version error: assets/scenes/paddle.cs in SourceAssetDB has modification time of '2026-04-03T15:03:03.2564597Z' while content on disk has modification time of '2026-04-03T15:03:37.0797092Z'
  ERROR: Build asset version error: assets/scenes/paddle.cs in SourceAssetDB has modification time of '2026-04-03T15:03:03.2564597Z' while content on disk has modification time of '2026-04-03T15:03:37.0797092Z'
Number of updated asset objects reloaded before import = 0Number of asset objects unloaded after import = 0

========================================================================
Received Import Request.
  Time since last request: 0.000068 seconds.
  path: Assets/Scenes/Paddle.cs
  artifactKey: Guid(68c1c49e2364bbb4d93898ff2f348a28) Importer(815301076,1909f56bfc062723c751e8b465ee728b)
Start importing Assets/Scenes/Paddle.cs using Guid(68c1c49e2364bbb4d93898ff2f348a28) Importer(815301076,1909f56bfc062723c751e8b465ee728b) (PreviewImporter) -> (artifact id: '00000000000000000000000000000000') in 0.0031676 seconds
Import Error Code:(4)
Message: Build asset version error: assets/scenes/paddle.cs in SourceAssetDB has modification time of '2026-04-03T15:03:03.2564597Z' while content on disk has modification time of '2026-04-03T15:03:37.0797092Z'
  ERROR: Build asset version error: assets/scenes/paddle.cs in SourceAssetDB has modification time of '2026-04-03T15:03:03.2564597Z' while content on disk has modification time of '2026-04-03T15:03:37.0797092Z'
Number of updated asset objects reloaded before import = 0Number of asset objects unloaded after import = 0

========================================================================
Received Import Request.
  Time since last request: 0.000056 seconds.
  path: Assets/Scenes/Paddle.cs
  artifactKey: Guid(68c1c49e2364bbb4d93898ff2f348a28) Importer(815301076,1909f56bfc062723c751e8b465ee728b)
Start importing Assets/Scenes/Paddle.cs using Guid(68c1c49e2364bbb4d93898ff2f348a28) Importer(815301076,1909f56bfc062723c751e8b465ee728b) (PreviewImporter) -> (artifact id: '00000000000000000000000000000000') in 0.0016515 seconds
Import Error Code:(4)
Message: Build asset version error: assets/scenes/paddle.cs in SourceAssetDB has modification time of '2026-04-03T15:03:03.2564597Z' while content on disk has modification time of '2026-04-03T15:03:37.0797092Z'
  ERROR: Build asset version error: assets/scenes/paddle.cs in SourceAssetDB has modification time of '2026-04-03T15:03:03.2564597Z' while content on disk has modification time of '2026-04-03T15:03:37.0797092Z'
Number of updated asset objects reloaded before import = 0Number of asset objects unloaded after import = 0

========================================================================
Received Import Request.
  Time since last request: 0.000100 seconds.
  path: Assets/Scenes/Paddle.cs
  artifactKey: Guid(68c1c49e2364bbb4d93898ff2f348a28) Importer(815301076,1909f56bfc062723c751e8b465ee728b)
Start importing Assets/Scenes/Paddle.cs using Guid(68c1c49e2364bbb4d93898ff2f348a28) Importer(815301076,1909f56bfc062723c751e8b465ee728b) (PreviewImporter) -> (artifact id: '00000000000000000000000000000000') in 0.0022141 seconds
Import Error Code:(4)
Message: Build asset version error: assets/scenes/paddle.cs in SourceAssetDB has modification time of '2026-04-03T15:03:03.2564597Z' while content on disk has modification time of '2026-04-03T15:03:37.0797092Z'
  ERROR: Build asset version error: assets/scenes/paddle.cs in SourceAssetDB has modification time of '2026-04-03T15:03:03.2564597Z' while content on disk has modification time of '2026-04-03T15:03:37.0797092Z'
Number of updated asset objects reloaded before import = 0Number of asset objects unloaded after import = 0

========================================================================
Received Import Request.
  Time since last request: 0.000057 seconds.
  path: Assets/Scenes/Paddle.cs
  artifactKey: Guid(68c1c49e2364bbb4d93898ff2f348a28) Importer(815301076,1909f56bfc062723c751e8b465ee728b)
Start importing Assets/Scenes/Paddle.cs using Guid(68c1c49e2364bbb4d93898ff2f348a28) Importer(815301076,1909f56bfc062723c751e8b465ee728b) (PreviewImporter) -> (artifact id: '00000000000000000000000000000000') in 0.0012591 seconds
Import Error Code:(4)
Message: Build asset version error: assets/scenes/paddle.cs in SourceAssetDB has modification time of '2026-04-03T15:03:03.2564597Z' while content on disk has modification time of '2026-04-03T15:03:37.0797092Z'
  ERROR: Build asset version error: assets/scenes/paddle.cs in SourceAssetDB has modification time of '2026-04-03T15:03:03.2564597Z' while content on disk has modification time of '2026-04-03T15:03:37.0797092Z'
Number of updated asset objects reloaded before import = 0Number of asset objects unloaded after import = 0

========================================================================
Received Import Request.
  Time since last request: 0.000068 seconds.
  path: Assets/Scenes/Paddle.cs
  artifactKey: Guid(68c1c49e2364bbb4d93898ff2f348a28) Importer(815301076,1909f56bfc062723c751e8b465ee728b)
Start importing Assets/Scenes/Paddle.cs using Guid(68c1c49e2364bbb4d93898ff2f348a28) Importer(815301076,1909f56bfc062723c751e8b465ee728b) (PreviewImporter) -> (artifact id: '00000000000000000000000000000000') in 0.0022719 seconds
Import Error Code:(4)
Message: Build asset version error: assets/scenes/paddle.cs in SourceAssetDB has modification time of '2026-04-03T15:03:03.2564597Z' while content on disk has modification time of '2026-04-03T15:03:37.0797092Z'
  ERROR: Build asset version error: assets/scenes/paddle.cs in SourceAssetDB has modification time of '2026-04-03T15:03:03.2564597Z' while content on disk has modification time of '2026-04-03T15:03:37.0797092Z'
Number of updated asset objects reloaded before import = 0Number of asset objects unloaded after import = 0

========================================================================
Received Import Request.
  Time since last request: 0.000029 seconds.
  path: Assets/Scenes/Paddle.cs
  artifactKey: Guid(68c1c49e2364bbb4d93898ff2f348a28) Importer(815301076,1909f56bfc062723c751e8b465ee728b)
Start importing Assets/Scenes/Paddle.cs using Guid(68c1c49e2364bbb4d93898ff2f348a28) Importer(815301076,1909f56bfc062723c751e8b465ee728b) (PreviewImporter) -> (artifact id: '00000000000000000000000000000000') in 0.0026049 seconds
Import Error Code:(4)
Message: Build asset version error: assets/scenes/paddle.cs in SourceAssetDB has modification time of '2026-04-03T15:03:03.2564597Z' while content on disk has modification time of '2026-04-03T15:03:37.0797092Z'
  ERROR: Build asset version error: assets/scenes/paddle.cs in SourceAssetDB has modification time of '2026-04-03T15:03:03.2564597Z' while content on disk has modification time of '2026-04-03T15:03:37.0797092Z'
Number of updated asset objects reloaded before import = 0Number of asset objects unloaded after import = 0

========================================================================
Received Import Request.
  Time since last request: 0.000090 seconds.
  path: Assets/Scenes/Paddle.cs
  artifactKey: Guid(68c1c49e2364bbb4d93898ff2f348a28) Importer(815301076,1909f56bfc062723c751e8b465ee728b)
Start importing Assets/Scenes/Paddle.cs using Guid(68c1c49e2364bbb4d93898ff2f348a28) Importer(815301076,1909f56bfc062723c751e8b465ee728b) (PreviewImporter) -> (artifact id: '00000000000000000000000000000000') in 0.0021145 seconds
Import Error Code:(4)
Message: Build asset version error: assets/scenes/paddle.cs in SourceAssetDB has modification time of '2026-04-03T15:03:03.2564597Z' while content on disk has modification time of '2026-04-03T15:03:37.0797092Z'
  ERROR: Build asset version error: assets/scenes/paddle.cs in SourceAssetDB has modification time of '2026-04-03T15:03:03.2564597Z' while content on disk has modification time of '2026-04-03T15:03:37.0797092Z'
Number of updated asset objects reloaded before import = 0Number of asset objects unloaded after import = 0

========================================================================
Received Import Request.
  Time since last request: 0.000068 seconds.
  path: Assets/Scenes/Paddle.cs
  artifactKey: Guid(68c1c49e2364bbb4d93898ff2f348a28) Importer(815301076,1909f56bfc062723c751e8b465ee728b)
Start importing Assets/Scenes/Paddle.cs using Guid(68c1c49e2364bbb4d93898ff2f348a28) Importer(815301076,1909f56bfc062723c751e8b465ee728b) (PreviewImporter) -> (artifact id: '00000000000000000000000000000000') in 0.0029196 seconds
Import Error Code:(4)
Message: Build asset version error: assets/scenes/paddle.cs in SourceAssetDB has modification time of '2026-04-03T15:03:03.2564597Z' while content on disk has modification time of '2026-04-03T15:03:37.0797092Z'
  ERROR: Build asset version error: assets/scenes/paddle.cs in SourceAssetDB has modification time of '2026-04-03T15:03:03.2564597Z' while content on disk has modification time of '2026-04-03T15:03:37.0797092Z'
Number of updated asset objects reloaded before import = 0Number of asset objects unloaded after import = 0

========================================================================
Received Import Request.
  Time since last request: 0.000330 seconds.
  path: Assets/Scenes/Paddle.cs
  artifactKey: Guid(68c1c49e2364bbb4d93898ff2f348a28) Importer(815301076,1909f56bfc062723c751e8b465ee728b)
Start importing Assets/Scenes/Paddle.cs using Guid(68c1c49e2364bbb4d93898ff2f348a28) Importer(815301076,1909f56bfc062723c751e8b465ee728b) (PreviewImporter) -> (artifact id: '00000000000000000000000000000000') in 0.0012642 seconds
Import Error Code:(4)
Message: Build asset version error: assets/scenes/paddle.cs in SourceAssetDB has modification time of '2026-04-03T15:03:03.2564597Z' while content on disk has modification time of '2026-04-03T15:03:37.0797092Z'
  ERROR: Build asset version error: assets/scenes/paddle.cs in SourceAssetDB has modification time of '2026-04-03T15:03:03.2564597Z' while content on disk has modification time of '2026-04-03T15:03:37.0797092Z'
Number of updated asset objects reloaded before import = 0Number of asset objects unloaded after import = 0

========================================================================
Received Import Request.
  Time since last request: 0.000049 seconds.
  path: Assets/Scenes/Paddle.cs
  artifactKey: Guid(68c1c49e2364bbb4d93898ff2f348a28) Importer(815301076,1909f56bfc062723c751e8b465ee728b)
Start importing Assets/Scenes/Paddle.cs using Guid(68c1c49e2364bbb4d93898ff2f348a28) Importer(815301076,1909f56bfc062723c751e8b465ee728b) (PreviewImporter) -> (artifact id: '00000000000000000000000000000000') in 0.0021057 seconds
Import Error Code:(4)
Message: Build asset version error: assets/scenes/paddle.cs in SourceAssetDB has modification time of '2026-04-03T15:03:03.2564597Z' while content on disk has modification time of '2026-04-03T15:03:37.0797092Z'
  ERROR: Build asset version error: assets/scenes/paddle.cs in SourceAssetDB has modification time of '2026-04-03T15:03:03.2564597Z' while content on disk has modification time of '2026-04-03T15:03:37.0797092Z'
Number of updated asset objects reloaded before import = 0Number of asset objects unloaded after import = 0

========================================================================
Received Import Request.
  Time since last request: 0.000047 seconds.
  path: Assets/Scenes/Paddle.cs
  artifactKey: Guid(68c1c49e2364bbb4d93898ff2f348a28) Importer(815301076,1909f56bfc062723c751e8b465ee728b)
Start importing Assets/Scenes/Paddle.cs using Guid(68c1c49e2364bbb4d93898ff2f348a28) Importer(815301076,1909f56bfc062723c751e8b465ee728b) (PreviewImporter) -> (artifact id: '00000000000000000000000000000000') in 0.0011249 seconds
Import Error Code:(4)
Message: Build asset version error: assets/scenes/paddle.cs in SourceAssetDB has modification time of '2026-04-03T15:03:03.2564597Z' while content on disk has modification time of '2026-04-03T15:03:37.0797092Z'
  ERROR: Build asset version error: assets/scenes/paddle.cs in SourceAssetDB has modification time of '2026-04-03T15:03:03.2564597Z' while content on disk has modification time of '2026-04-03T15:03:37.0797092Z'
Number of updated asset objects reloaded before import = 0Number of asset objects unloaded after import = 0

========================================================================
Received Import Request.
  Time since last request: 0.000039 seconds.
  path: Assets/Scenes/Paddle.cs
  artifactKey: Guid(68c1c49e2364bbb4d93898ff2f348a28) Importer(815301076,1909f56bfc062723c751e8b465ee728b)
Start importing Assets/Scenes/Paddle.cs using Guid(68c1c49e2364bbb4d93898ff2f348a28) Importer(815301076,1909f56bfc062723c751e8b465ee728b) (PreviewImporter) -> (artifact id: '00000000000000000000000000000000') in 0.0020735 seconds
Import Error Code:(4)
Message: Build asset version error: assets/scenes/paddle.cs in SourceAssetDB has modification time of '2026-04-03T15:03:03.2564597Z' while content on disk has modification time of '2026-04-03T15:03:37.0797092Z'
  ERROR: Build asset version error: assets/scenes/paddle.cs in SourceAssetDB has modification time of '2026-04-03T15:03:03.2564597Z' while content on disk has modification time of '2026-04-03T15:03:37.0797092Z'
Number of updated asset objects reloaded before import = 0Number of asset objects unloaded after import = 0

========================================================================
Received Import Request.
  Time since last request: 0.000047 seconds.
  path: Assets/Scenes/Paddle.cs
  artifactKey: Guid(68c1c49e2364bbb4d93898ff2f348a28) Importer(815301076,1909f56bfc062723c751e8b465ee728b)
Start importing Assets/Scenes/Paddle.cs using Guid(68c1c49e2364bbb4d93898ff2f348a28) Importer(815301076,1909f56bfc062723c751e8b465ee728b) (PreviewImporter) -> (artifact id: '00000000000000000000000000000000') in 0.0024775 seconds
Import Error Code:(4)
Message: Build asset version error: assets/scenes/paddle.cs in SourceAssetDB has modification time of '2026-04-03T15:03:03.2564597Z' while content on disk has modification time of '2026-04-03T15:03:37.0797092Z'
  ERROR: Build asset version error: assets/scenes/paddle.cs in SourceAssetDB has modification time of '2026-04-03T15:03:03.2564597Z' while content on disk has modification time of '2026-04-03T15:03:37.0797092Z'
Number of updated asset objects reloaded before import = 0Number of asset objects unloaded after import = 0

========================================================================
Received Import Request.
  Time since last request: 0.000063 seconds.
  path: Assets/Scenes/Paddle.cs
  artifactKey: Guid(68c1c49e2364bbb4d93898ff2f348a28) Importer(815301076,1909f56bfc062723c751e8b465ee728b)
Start importing Assets/Scenes/Paddle.cs using Guid(68c1c49e2364bbb4d93898ff2f348a28) Importer(815301076,1909f56bfc062723c751e8b465ee728b) (PreviewImporter) -> (artifact id: '00000000000000000000000000000000') in 0.0019913 seconds
Import Error Code:(4)
Message: Build asset version error: assets/scenes/paddle.cs in SourceAssetDB has modification time of '2026-04-03T15:03:03.2564597Z' while content on disk has modification time of '2026-04-03T15:03:37.0797092Z'
  ERROR: Build asset version error: assets/scenes/paddle.cs in SourceAssetDB has modification time of '2026-04-03T15:03:03.2564597Z' while content on disk has modification time of '2026-04-03T15:03:37.0797092Z'
Number of updated asset objects reloaded before import = 0Number of asset objects unloaded after import = 0

========================================================================
Received Import Request.
  Time since last request: 0.000031 seconds.
  path: Assets/Scenes/Paddle.cs
  artifactKey: Guid(68c1c49e2364bbb4d93898ff2f348a28) Importer(815301076,1909f56bfc062723c751e8b465ee728b)
Start importing Assets/Scenes/Paddle.cs using Guid(68c1c49e2364bbb4d93898ff2f348a28) Importer(815301076,1909f56bfc062723c751e8b465ee728b) (PreviewImporter) -> (artifact id: '00000000000000000000000000000000') in 0.0012781 seconds
Import Error Code:(4)
Message: Build asset version error: assets/scenes/paddle.cs in SourceAssetDB has modification time of '2026-04-03T15:03:03.2564597Z' while content on disk has modification time of '2026-04-03T15:03:37.0797092Z'
  ERROR: Build asset version error: assets/scenes/paddle.cs in SourceAssetDB has modification time of '2026-04-03T15:03:03.2564597Z' while content on disk has modification time of '2026-04-03T15:03:37.0797092Z'
Number of updated asset objects reloaded before import = 0Number of asset objects unloaded after import = 0

========================================================================
Received Import Request.
  Time since last request: 0.000069 seconds.
  path: Assets/Scenes/Paddle.cs
  artifactKey: Guid(68c1c49e2364bbb4d93898ff2f348a28) Importer(815301076,1909f56bfc062723c751e8b465ee728b)
Start importing Assets/Scenes/Paddle.cs using Guid(68c1c49e2364bbb4d93898ff2f348a28) Importer(815301076,1909f56bfc062723c751e8b465ee728b) (PreviewImporter) -> (artifact id: '00000000000000000000000000000000') in 0.0018555 seconds
Import Error Code:(4)
Message: Build asset version error: assets/scenes/paddle.cs in SourceAssetDB has modification time of '2026-04-03T15:03:03.2564597Z' while content on disk has modification time of '2026-04-03T15:03:37.0797092Z'
  ERROR: Build asset version error: assets/scenes/paddle.cs in SourceAssetDB has modification time of '2026-04-03T15:03:03.2564597Z' while content on disk has modification time of '2026-04-03T15:03:37.0797092Z'
Number of updated asset objects reloaded before import = 0Number of asset objects unloaded after import = 0

========================================================================
Received Import Request.
  Time since last request: 0.000398 seconds.
  path: Assets/Scenes/Paddle.cs
  artifactKey: Guid(68c1c49e2364bbb4d93898ff2f348a28) Importer(815301076,1909f56bfc062723c751e8b465ee728b)
Start importing Assets/Scenes/Paddle.cs using Guid(68c1c49e2364bbb4d93898ff2f348a28) Importer(815301076,1909f56bfc062723c751e8b465ee728b) (PreviewImporter) -> (artifact id: '00000000000000000000000000000000') in 0.0032049 seconds
Import Error Code:(4)
Message: Build asset version error: assets/scenes/paddle.cs in SourceAssetDB has modification time of '2026-04-03T15:03:03.2564597Z' while content on disk has modification time of '2026-04-03T15:03:37.0797092Z'
  ERROR: Build asset version error: assets/scenes/paddle.cs in SourceAssetDB has modification time of '2026-04-03T15:03:03.2564597Z' while content on disk has modification time of '2026-04-03T15:03:37.0797092Z'
Number of updated asset objects reloaded before import = 0Number of asset objects unloaded after import = 0

========================================================================
Received Import Request.
  Time since last request: 0.000050 seconds.
  path: Assets/Scenes/Paddle.cs
  artifactKey: Guid(68c1c49e2364bbb4d93898ff2f348a28) Importer(815301076,1909f56bfc062723c751e8b465ee728b)
Start importing Assets/Scenes/Paddle.cs using Guid(68c1c49e2364bbb4d93898ff2f348a28) Importer(815301076,1909f56bfc062723c751e8b465ee728b) (PreviewImporter) -> (artifact id: '00000000000000000000000000000000') in 0.0011162 seconds
Import Error Code:(4)
Message: Build asset version error: assets/scenes/paddle.cs in SourceAssetDB has modification time of '2026-04-03T15:03:03.2564597Z' while content on disk has modification time of '2026-04-03T15:03:37.0797092Z'
  ERROR: Build asset version error: assets/scenes/paddle.cs in SourceAssetDB has modification time of '2026-04-03T15:03:03.2564597Z' while content on disk has modification time of '2026-04-03T15:03:37.0797092Z'
Number of updated asset objects reloaded before import = 0Number of asset objects unloaded after import = 0

========================================================================
Received Import Request.
  Time since last request: 0.000052 seconds.
  path: Assets/Scenes/Paddle.cs
  artifactKey: Guid(68c1c49e2364bbb4d93898ff2f348a28) Importer(815301076,1909f56bfc062723c751e8b465ee728b)
Start importing Assets/Scenes/Paddle.cs using Guid(68c1c49e2364bbb4d93898ff2f348a28) Importer(815301076,1909f56bfc062723c751e8b465ee728b) (PreviewImporter) -> (artifact id: '00000000000000000000000000000000') in 0.0030131 seconds
Import Error Code:(4)
Message: Build asset version error: assets/scenes/paddle.cs in SourceAssetDB has modification time of '2026-04-03T15:03:03.2564597Z' while content on disk has modification time of '2026-04-03T15:03:37.0797092Z'
  ERROR: Build asset version error: assets/scenes/paddle.cs in SourceAssetDB has modification time of '2026-04-03T15:03:03.2564597Z' while content on disk has modification time of '2026-04-03T15:03:37.0797092Z'
Number of updated asset objects reloaded before import = 0Number of asset objects unloaded after import = 0

========================================================================
Received Import Request.
  Time since last request: 0.000084 seconds.
  path: Assets/Scenes/Paddle.cs
  artifactKey: Guid(68c1c49e2364bbb4d93898ff2f348a28) Importer(815301076,1909f56bfc062723c751e8b465ee728b)
Start importing Assets/Scenes/Paddle.cs using Guid(68c1c49e2364bbb4d93898ff2f348a28) Importer(815301076,1909f56bfc062723c751e8b465ee728b) (PreviewImporter) -> (artifact id: '00000000000000000000000000000000') in 0.001648 seconds
Import Error Code:(4)
Message: Build asset version error: assets/scenes/paddle.cs in SourceAssetDB has modification time of '2026-04-03T15:03:03.2564597Z' while content on disk has modification time of '2026-04-03T15:03:37.0797092Z'
  ERROR: Build asset version error: assets/scenes/paddle.cs in SourceAssetDB has modification time of '2026-04-03T15:03:03.2564597Z' while content on disk has modification time of '2026-04-03T15:03:37.0797092Z'
Number of updated asset objects reloaded before import = 0Number of asset objects unloaded after import = 0

========================================================================
Received Import Request.
  Time since last request: 0.000053 seconds.
  path: Assets/Scenes/Paddle.cs
  artifactKey: Guid(68c1c49e2364bbb4d93898ff2f348a28) Importer(815301076,1909f56bfc062723c751e8b465ee728b)
Start importing Assets/Scenes/Paddle.cs using Guid(68c1c49e2364bbb4d93898ff2f348a28) Importer(815301076,1909f56bfc062723c751e8b465ee728b) (PreviewImporter) -> (artifact id: '00000000000000000000000000000000') in 0.0020912 seconds
Import Error Code:(4)
Message: Build asset version error: assets/scenes/paddle.cs in SourceAssetDB has modification time of '2026-04-03T15:03:03.2564597Z' while content on disk has modification time of '2026-04-03T15:03:37.0797092Z'
  ERROR: Build asset version error: assets/scenes/paddle.cs in SourceAssetDB has modification time of '2026-04-03T15:03:03.2564597Z' while content on disk has modification time of '2026-04-03T15:03:37.0797092Z'
Number of updated asset objects reloaded before import = 0Number of asset objects unloaded after import = 0

========================================================================
Received Import Request.
  Time since last request: 0.000073 seconds.
  path: Assets/Scenes/Paddle.cs
  artifactKey: Guid(68c1c49e2364bbb4d93898ff2f348a28) Importer(815301076,1909f56bfc062723c751e8b465ee728b)
Start importing Assets/Scenes/Paddle.cs using Guid(68c1c49e2364bbb4d93898ff2f348a28) Importer(815301076,1909f56bfc062723c751e8b465ee728b) (PreviewImporter) -> (artifact id: '00000000000000000000000000000000') in 0.0025735 seconds
Import Error Code:(4)
Message: Build asset version error: assets/scenes/paddle.cs in SourceAssetDB has modification time of '2026-04-03T15:03:03.2564597Z' while content on disk has modification time of '2026-04-03T15:03:37.0797092Z'
  ERROR: Build asset version error: assets/scenes/paddle.cs in SourceAssetDB has modification time of '2026-04-03T15:03:03.2564597Z' while content on disk has modification time of '2026-04-03T15:03:37.0797092Z'
Number of updated asset objects reloaded before import = 0Number of asset objects unloaded after import = 0

========================================================================
Received Import Request.
  Time since last request: 0.000036 seconds.
  path: Assets/Scenes/Paddle.cs
  artifactKey: Guid(68c1c49e2364bbb4d93898ff2f348a28) Importer(815301076,1909f56bfc062723c751e8b465ee728b)
Start importing Assets/Scenes/Paddle.cs using Guid(68c1c49e2364bbb4d93898ff2f348a28) Importer(815301076,1909f56bfc062723c751e8b465ee728b) (PreviewImporter) -> (artifact id: '00000000000000000000000000000000') in 0.0020417 seconds
Import Error Code:(4)
Message: Build asset version error: assets/scenes/paddle.cs in SourceAssetDB has modification time of '2026-04-03T15:03:03.2564597Z' while content on disk has modification time of '2026-04-03T15:03:37.0797092Z'
  ERROR: Build asset version error: assets/scenes/paddle.cs in SourceAssetDB has modification time of '2026-04-03T15:03:03.2564597Z' while content on disk has modification time of '2026-04-03T15:03:37.0797092Z'
Number of updated asset objects reloaded before import = 0Number of asset objects unloaded after import = 0

========================================================================
Received Import Request.
  Time since last request: 0.000054 seconds.
  path: Assets/Scenes/Paddle.cs
  artifactKey: Guid(68c1c49e2364bbb4d93898ff2f348a28) Importer(815301076,1909f56bfc062723c751e8b465ee728b)
Start importing Assets/Scenes/Paddle.cs using Guid(68c1c49e2364bbb4d93898ff2f348a28) Importer(815301076,1909f56bfc062723c751e8b465ee728b) (PreviewImporter) -> (artifact id: '00000000000000000000000000000000') in 0.0020726 seconds
Import Error Code:(4)
Message: Build asset version error: assets/scenes/paddle.cs in SourceAssetDB has modification time of '2026-04-03T15:03:03.2564597Z' while content on disk has modification time of '2026-04-03T15:03:37.0797092Z'
  ERROR: Build asset version error: assets/scenes/paddle.cs in SourceAssetDB has modification time of '2026-04-03T15:03:03.2564597Z' while content on disk has modification time of '2026-04-03T15:03:37.0797092Z'
Number of updated asset objects reloaded before import = 0Number of asset objects unloaded after import = 0

========================================================================
Received Import Request.
  Time since last request: 0.000067 seconds.
  path: Assets/Scenes/Paddle.cs
  artifactKey: Guid(68c1c49e2364bbb4d93898ff2f348a28) Importer(815301076,1909f56bfc062723c751e8b465ee728b)
Start importing Assets/Scenes/Paddle.cs using Guid(68c1c49e2364bbb4d93898ff2f348a28) Importer(815301076,1909f56bfc062723c751e8b465ee728b) (PreviewImporter) -> (artifact id: '00000000000000000000000000000000') in 0.0013065 seconds
Import Error Code:(4)
Message: Build asset version error: assets/scenes/paddle.cs in SourceAssetDB has modification time of '2026-04-03T15:03:03.2564597Z' while content on disk has modification time of '2026-04-03T15:03:37.0797092Z'
  ERROR: Build asset version error: assets/scenes/paddle.cs in SourceAssetDB has modification time of '2026-04-03T15:03:03.2564597Z' while content on disk has modification time of '2026-04-03T15:03:37.0797092Z'
Number of updated asset objects reloaded before import = 0Number of asset objects unloaded after import = 0

========================================================================
Received Import Request.
  Time since last request: 0.000057 seconds.
  path: Assets/Scenes/Paddle.cs
  artifactKey: Guid(68c1c49e2364bbb4d93898ff2f348a28) Importer(815301076,1909f56bfc062723c751e8b465ee728b)
Start importing Assets/Scenes/Paddle.cs using Guid(68c1c49e2364bbb4d93898ff2f348a28) Importer(815301076,1909f56bfc062723c751e8b465ee728b) (PreviewImporter) -> (artifact id: '00000000000000000000000000000000') in 0.0024668 seconds
Import Error Code:(4)
Message: Build asset version error: assets/scenes/paddle.cs in SourceAssetDB has modification time of '2026-04-03T15:03:03.2564597Z' while content on disk has modification time of '2026-04-03T15:03:37.0797092Z'
  ERROR: Build asset version error: assets/scenes/paddle.cs in SourceAssetDB has modification time of '2026-04-03T15:03:03.2564597Z' while content on disk has modification time of '2026-04-03T15:03:37.0797092Z'
Number of updated asset objects reloaded before import = 0Number of asset objects unloaded after import = 0

========================================================================
Received Import Request.
  Time since last request: 0.000050 seconds.
  path: Assets/Scenes/Paddle.cs
  artifactKey: Guid(68c1c49e2364bbb4d93898ff2f348a28) Importer(815301076,1909f56bfc062723c751e8b465ee728b)
Start importing Assets/Scenes/Paddle.cs using Guid(68c1c49e2364bbb4d93898ff2f348a28) Importer(815301076,1909f56bfc062723c751e8b465ee728b) (PreviewImporter) -> (artifact id: '00000000000000000000000000000000') in 0.0006756 seconds
Import Error Code:(4)
Message: Build asset version error: assets/scenes/paddle.cs in SourceAssetDB has modification time of '2026-04-03T15:03:03.2564597Z' while content on disk has modification time of '2026-04-03T15:03:37.0797092Z'
  ERROR: Build asset version error: assets/scenes/paddle.cs in SourceAssetDB has modification time of '2026-04-03T15:03:03.2564597Z' while content on disk has modification time of '2026-04-03T15:03:37.0797092Z'
Number of updated asset objects reloaded before import = 0Number of asset objects unloaded after import = 0

========================================================================
Received Import Request.
  Time since last request: 0.000059 seconds.
  path: Assets/Scenes/Paddle.cs
  artifactKey: Guid(68c1c49e2364bbb4d93898ff2f348a28) Importer(815301076,1909f56bfc062723c751e8b465ee728b)
Start importing Assets/Scenes/Paddle.cs using Guid(68c1c49e2364bbb4d93898ff2f348a28) Importer(815301076,1909f56bfc062723c751e8b465ee728b) (PreviewImporter) -> (artifact id: '00000000000000000000000000000000') in 0.0029982 seconds
Import Error Code:(4)
Message: Build asset version error: assets/scenes/paddle.cs in SourceAssetDB has modification time of '2026-04-03T15:03:03.2564597Z' while content on disk has modification time of '2026-04-03T15:03:37.0797092Z'
  ERROR: Build asset version error: assets/scenes/paddle.cs in SourceAssetDB has modification time of '2026-04-03T15:03:03.2564597Z' while content on disk has modification time of '2026-04-03T15:03:37.0797092Z'
Number of updated asset objects reloaded before import = 0Number of asset objects unloaded after import = 0

========================================================================
Received Import Request.
  Time since last request: 0.000052 seconds.
  path: Assets/Scenes/Paddle.cs
  artifactKey: Guid(68c1c49e2364bbb4d93898ff2f348a28) Importer(815301076,1909f56bfc062723c751e8b465ee728b)
Start importing Assets/Scenes/Paddle.cs using Guid(68c1c49e2364bbb4d93898ff2f348a28) Importer(815301076,1909f56bfc062723c751e8b465ee728b) (PreviewImporter) -> (artifact id: '00000000000000000000000000000000') in 0.0019179 seconds
Import Error Code:(4)
Message: Build asset version error: assets/scenes/paddle.cs in SourceAssetDB has modification time of '2026-04-03T15:03:03.2564597Z' while content on disk has modification time of '2026-04-03T15:03:37.0797092Z'
  ERROR: Build asset version error: assets/scenes/paddle.cs in SourceAssetDB has modification time of '2026-04-03T15:03:03.2564597Z' while content on disk has modification time of '2026-04-03T15:03:37.0797092Z'
Number of updated asset objects reloaded before import = 0Number of asset objects unloaded after import = 0

========================================================================
Received Import Request.
  Time since last request: 0.000070 seconds.
  path: Assets/Scenes/Paddle.cs
  artifactKey: Guid(68c1c49e2364bbb4d93898ff2f348a28) Importer(815301076,1909f56bfc062723c751e8b465ee728b)
Start importing Assets/Scenes/Paddle.cs using Guid(68c1c49e2364bbb4d93898ff2f348a28) Importer(815301076,1909f56bfc062723c751e8b465ee728b) (PreviewImporter) -> (artifact id: '00000000000000000000000000000000') in 0.0013996 seconds
Import Error Code:(4)
Message: Build asset version error: assets/scenes/paddle.cs in SourceAssetDB has modification time of '2026-04-03T15:03:03.2564597Z' while content on disk has modification time of '2026-04-03T15:03:37.0797092Z'
  ERROR: Build asset version error: assets/scenes/paddle.cs in SourceAssetDB has modification time of '2026-04-03T15:03:03.2564597Z' while content on disk has modification time of '2026-04-03T15:03:37.0797092Z'
Number of updated asset objects reloaded before import = 0Number of asset objects unloaded after import = 0

========================================================================
Received Import Request.
  Time since last request: 0.000056 seconds.
  path: Assets/Scenes/Paddle.cs
  artifactKey: Guid(68c1c49e2364bbb4d93898ff2f348a28) Importer(815301076,1909f56bfc062723c751e8b465ee728b)
Start importing Assets/Scenes/Paddle.cs using Guid(68c1c49e2364bbb4d93898ff2f348a28) Importer(815301076,1909f56bfc062723c751e8b465ee728b) (PreviewImporter) -> (artifact id: '00000000000000000000000000000000') in 0.0030707 seconds
Import Error Code:(4)
Message: Build asset version error: assets/scenes/paddle.cs in SourceAssetDB has modification time of '2026-04-03T15:03:03.2564597Z' while content on disk has modification time of '2026-04-03T15:03:37.0797092Z'
  ERROR: Build asset version error: assets/scenes/paddle.cs in SourceAssetDB has modification time of '2026-04-03T15:03:03.2564597Z' while content on disk has modification time of '2026-04-03T15:03:37.0797092Z'
Number of updated asset objects reloaded before import = 0Number of asset objects unloaded after import = 0

========================================================================
Received Import Request.
  Time since last request: 0.000026 seconds.
  path: Assets/Scenes/Paddle.cs
  artifactKey: Guid(68c1c49e2364bbb4d93898ff2f348a28) Importer(815301076,1909f56bfc062723c751e8b465ee728b)
Start importing Assets/Scenes/Paddle.cs using Guid(68c1c49e2364bbb4d93898ff2f348a28) Importer(815301076,1909f56bfc062723c751e8b465ee728b) (PreviewImporter) -> (artifact id: '00000000000000000000000000000000') in 0.0015094 seconds
Import Error Code:(4)
Message: Build asset version error: assets/scenes/paddle.cs in SourceAssetDB has modification time of '2026-04-03T15:03:03.2564597Z' while content on disk has modification time of '2026-04-03T15:03:37.0797092Z'
  ERROR: Build asset version error: assets/scenes/paddle.cs in SourceAssetDB has modification time of '2026-04-03T15:03:03.2564597Z' while content on disk has modification time of '2026-04-03T15:03:37.0797092Z'
Number of updated asset objects reloaded before import = 0Number of asset objects unloaded after import = 0

========================================================================
Received Import Request.
  Time since last request: 0.000062 seconds.
  path: Assets/Scenes/Paddle.cs
  artifactKey: Guid(68c1c49e2364bbb4d93898ff2f348a28) Importer(815301076,1909f56bfc062723c751e8b465ee728b)
Start importing Assets/Scenes/Paddle.cs using Guid(68c1c49e2364bbb4d93898ff2f348a28) Importer(815301076,1909f56bfc062723c751e8b465ee728b) (PreviewImporter) -> (artifact id: '00000000000000000000000000000000') in 0.0020368 seconds
Import Error Code:(4)
Message: Build asset version error: assets/scenes/paddle.cs in SourceAssetDB has modification time of '2026-04-03T15:03:03.2564597Z' while content on disk has modification time of '2026-04-03T15:03:37.0797092Z'
  ERROR: Build asset version error: assets/scenes/paddle.cs in SourceAssetDB has modification time of '2026-04-03T15:03:03.2564597Z' while content on disk has modification time of '2026-04-03T15:03:37.0797092Z'
Number of updated asset objects reloaded before import = 0Number of asset objects unloaded after import = 0

========================================================================
Received Import Request.
  Time since last request: 0.000043 seconds.
  path: Assets/Scenes/Paddle.cs
  artifactKey: Guid(68c1c49e2364bbb4d93898ff2f348a28) Importer(815301076,1909f56bfc062723c751e8b465ee728b)
Start importing Assets/Scenes/Paddle.cs using Guid(68c1c49e2364bbb4d93898ff2f348a28) Importer(815301076,1909f56bfc062723c751e8b465ee728b) (PreviewImporter) -> (artifact id: '00000000000000000000000000000000') in 0.0014406 seconds
Import Error Code:(4)
Message: Build asset version error: assets/scenes/paddle.cs in SourceAssetDB has modification time of '2026-04-03T15:03:03.2564597Z' while content on disk has modification time of '2026-04-03T15:03:37.0797092Z'
  ERROR: Build asset version error: assets/scenes/paddle.cs in SourceAssetDB has modification time of '2026-04-03T15:03:03.2564597Z' while content on disk has modification time of '2026-04-03T15:03:37.0797092Z'
Number of updated asset objects reloaded before import = 0Number of asset objects unloaded after import = 0

========================================================================
Received Import Request.
  Time since last request: 0.000072 seconds.
  path: Assets/Scenes/Paddle.cs
  artifactKey: Guid(68c1c49e2364bbb4d93898ff2f348a28) Importer(815301076,1909f56bfc062723c751e8b465ee728b)
Start importing Assets/Scenes/Paddle.cs using Guid(68c1c49e2364bbb4d93898ff2f348a28) Importer(815301076,1909f56bfc062723c751e8b465ee728b) (PreviewImporter) -> (artifact id: '00000000000000000000000000000000') in 0.0028879 seconds
Import Error Code:(4)
Message: Build asset version error: assets/scenes/paddle.cs in SourceAssetDB has modification time of '2026-04-03T15:03:03.2564597Z' while content on disk has modification time of '2026-04-03T15:03:37.0797092Z'
  ERROR: Build asset version error: assets/scenes/paddle.cs in SourceAssetDB has modification time of '2026-04-03T15:03:03.2564597Z' while content on disk has modification time of '2026-04-03T15:03:37.0797092Z'
Number of updated asset objects reloaded before import = 0Number of asset objects unloaded after import = 0

========================================================================
Received Import Request.
  Time since last request: 0.000348 seconds.
  path: Assets/Scenes/Paddle.cs
  artifactKey: Guid(68c1c49e2364bbb4d93898ff2f348a28) Importer(815301076,1909f56bfc062723c751e8b465ee728b)
Start importing Assets/Scenes/Paddle.cs using Guid(68c1c49e2364bbb4d93898ff2f348a28) Importer(815301076,1909f56bfc062723c751e8b465ee728b) (PreviewImporter) -> (artifact id: '00000000000000000000000000000000') in 0.0018465 seconds
Import Error Code:(4)
Message: Build asset version error: assets/scenes/paddle.cs in SourceAssetDB has modification time of '2026-04-03T15:03:03.2564597Z' while content on disk has modification time of '2026-04-03T15:03:37.0797092Z'
  ERROR: Build asset version error: assets/scenes/paddle.cs in SourceAssetDB has modification time of '2026-04-03T15:03:03.2564597Z' while content on disk has modification time of '2026-04-03T15:03:37.0797092Z'
Number of updated asset objects reloaded before import = 0Number of asset objects unloaded after import = 0

========================================================================
Received Import Request.
  Time since last request: 0.000056 seconds.
  path: Assets/Scenes/Paddle.cs
  artifactKey: Guid(68c1c49e2364bbb4d93898ff2f348a28) Importer(815301076,1909f56bfc062723c751e8b465ee728b)
Start importing Assets/Scenes/Paddle.cs using Guid(68c1c49e2364bbb4d93898ff2f348a28) Importer(815301076,1909f56bfc062723c751e8b465ee728b) (PreviewImporter) -> (artifact id: '00000000000000000000000000000000') in 0.002118 seconds
Import Error Code:(4)
Message: Build asset version error: assets/scenes/paddle.cs in SourceAssetDB has modification time of '2026-04-03T15:03:03.2564597Z' while content on disk has modification time of '2026-04-03T15:03:37.0797092Z'
  ERROR: Build asset version error: assets/scenes/paddle.cs in SourceAssetDB has modification time of '2026-04-03T15:03:03.2564597Z' while content on disk has modification time of '2026-04-03T15:03:37.0797092Z'
Number of updated asset objects reloaded before import = 0Number of asset objects unloaded after import = 0

========================================================================
Received Import Request.
  Time since last request: 0.000078 seconds.
  path: Assets/Scenes/Paddle.cs
  artifactKey: Guid(68c1c49e2364bbb4d93898ff2f348a28) Importer(815301076,1909f56bfc062723c751e8b465ee728b)
Start importing Assets/Scenes/Paddle.cs using Guid(68c1c49e2364bbb4d93898ff2f348a28) Importer(815301076,1909f56bfc062723c751e8b465ee728b) (PreviewImporter) -> (artifact id: '00000000000000000000000000000000') in 0.0040947 seconds
Import Error Code:(4)
Message: Build asset version error: assets/scenes/paddle.cs in SourceAssetDB has modification time of '2026-04-03T15:03:03.2564597Z' while content on disk has modification time of '2026-04-03T15:03:37.0797092Z'
  ERROR: Build asset version error: assets/scenes/paddle.cs in SourceAssetDB has modification time of '2026-04-03T15:03:03.2564597Z' while content on disk has modification time of '2026-04-03T15:03:37.0797092Z'
Number of updated asset objects reloaded before import = 0Number of asset objects unloaded after import = 0

========================================================================
Received Import Request.
  Time since last request: 0.000051 seconds.
  path: Assets/Scenes/Paddle.cs
  artifactKey: Guid(68c1c49e2364bbb4d93898ff2f348a28) Importer(815301076,1909f56bfc062723c751e8b465ee728b)
Start importing Assets/Scenes/Paddle.cs using Guid(68c1c49e2364bbb4d93898ff2f348a28) Importer(815301076,1909f56bfc062723c751e8b465ee728b) (PreviewImporter) -> (artifact id: '00000000000000000000000000000000') in 0.0039172 seconds
Import Error Code:(4)
Message: Build asset version error: assets/scenes/paddle.cs in SourceAssetDB has modification time of '2026-04-03T15:03:03.2564597Z' while content on disk has modification time of '2026-04-03T15:03:37.0797092Z'
  ERROR: Build asset version error: assets/scenes/paddle.cs in SourceAssetDB has modification time of '2026-04-03T15:03:03.2564597Z' while content on disk has modification time of '2026-04-03T15:03:37.0797092Z'
Number of updated asset objects reloaded before import = 0Number of asset objects unloaded after import = 0

========================================================================
Received Import Request.
  Time since last request: 0.000065 seconds.
  path: Assets/Scenes/Paddle.cs
  artifactKey: Guid(68c1c49e2364bbb4d93898ff2f348a28) Importer(815301076,1909f56bfc062723c751e8b465ee728b)
Start importing Assets/Scenes/Paddle.cs using Guid(68c1c49e2364bbb4d93898ff2f348a28) Importer(815301076,1909f56bfc062723c751e8b465ee728b) (PreviewImporter) -> (artifact id: '00000000000000000000000000000000') in 0.0018294 seconds
Import Error Code:(4)
Message: Build asset version error: assets/scenes/paddle.cs in SourceAssetDB has modification time of '2026-04-03T15:03:03.2564597Z' while content on disk has modification time of '2026-04-03T15:03:37.0797092Z'
  ERROR: Build asset version error: assets/scenes/paddle.cs in SourceAssetDB has modification time of '2026-04-03T15:03:03.2564597Z' while content on disk has modification time of '2026-04-03T15:03:37.0797092Z'
Number of updated asset objects reloaded before import = 0Number of asset objects unloaded after import = 0

========================================================================
Received Import Request.
  Time since last request: 0.000041 seconds.
  path: Assets/Scenes/Paddle.cs
  artifactKey: Guid(68c1c49e2364bbb4d93898ff2f348a28) Importer(815301076,1909f56bfc062723c751e8b465ee728b)
Start importing Assets/Scenes/Paddle.cs using Guid(68c1c49e2364bbb4d93898ff2f348a28) Importer(815301076,1909f56bfc062723c751e8b465ee728b) (PreviewImporter) -> (artifact id: '00000000000000000000000000000000') in 0.0023171 seconds
Import Error Code:(4)
Message: Build asset version error: assets/scenes/paddle.cs in SourceAssetDB has modification time of '2026-04-03T15:03:03.2564597Z' while content on disk has modification time of '2026-04-03T15:03:37.0797092Z'
  ERROR: Build asset version error: assets/scenes/paddle.cs in SourceAssetDB has modification time of '2026-04-03T15:03:03.2564597Z' while content on disk has modification time of '2026-04-03T15:03:37.0797092Z'
Number of updated asset objects reloaded before import = 0Number of asset objects unloaded after import = 0

========================================================================
Received Import Request.
  Time since last request: 0.000065 seconds.
  path: Assets/Scenes/Paddle.cs
  artifactKey: Guid(68c1c49e2364bbb4d93898ff2f348a28) Importer(815301076,1909f56bfc062723c751e8b465ee728b)
Start importing Assets/Scenes/Paddle.cs using Guid(68c1c49e2364bbb4d93898ff2f348a28) Importer(815301076,1909f56bfc062723c751e8b465ee728b) (PreviewImporter) -> (artifact id: '00000000000000000000000000000000') in 0.0029977 seconds
Import Error Code:(4)
Message: Build asset version error: assets/scenes/paddle.cs in SourceAssetDB has modification time of '2026-04-03T15:03:03.2564597Z' while content on disk has modification time of '2026-04-03T15:03:37.0797092Z'
  ERROR: Build asset version error: assets/scenes/paddle.cs in SourceAssetDB has modification time of '2026-04-03T15:03:03.2564597Z' while content on disk has modification time of '2026-04-03T15:03:37.0797092Z'
Number of updated asset objects reloaded before import = 0Number of asset objects unloaded after import = 0

========================================================================
Received Import Request.
  Time since last request: 0.000355 seconds.
  path: Assets/Scenes/Paddle.cs
  artifactKey: Guid(68c1c49e2364bbb4d93898ff2f348a28) Importer(815301076,1909f56bfc062723c751e8b465ee728b)
Start importing Assets/Scenes/Paddle.cs using Guid(68c1c49e2364bbb4d93898ff2f348a28) Importer(815301076,1909f56bfc062723c751e8b465ee728b) (PreviewImporter) -> (artifact id: '00000000000000000000000000000000') in 0.0028975 seconds
Import Error Code:(4)
Message: Build asset version error: assets/scenes/paddle.cs in SourceAssetDB has modification time of '2026-04-03T15:03:03.2564597Z' while content on disk has modification time of '2026-04-03T15:03:37.0797092Z'
  ERROR: Build asset version error: assets/scenes/paddle.cs in SourceAssetDB has modification time of '2026-04-03T15:03:03.2564597Z' while content on disk has modification time of '2026-04-03T15:03:37.0797092Z'
Number of updated asset objects reloaded before import = 0Number of asset objects unloaded after import = 0

========================================================================
Received Import Request.
  Time since last request: 0.000061 seconds.
  path: Assets/Scenes/Paddle.cs
  artifactKey: Guid(68c1c49e2364bbb4d93898ff2f348a28) Importer(815301076,1909f56bfc062723c751e8b465ee728b)
Start importing Assets/Scenes/Paddle.cs using Guid(68c1c49e2364bbb4d93898ff2f348a28) Importer(815301076,1909f56bfc062723c751e8b465ee728b) (PreviewImporter) -> (artifact id: '00000000000000000000000000000000') in 0.0024969 seconds
Import Error Code:(4)
Message: Build asset version error: assets/scenes/paddle.cs in SourceAssetDB has modification time of '2026-04-03T15:03:03.2564597Z' while content on disk has modification time of '2026-04-03T15:03:37.0797092Z'
  ERROR: Build asset version error: assets/scenes/paddle.cs in SourceAssetDB has modification time of '2026-04-03T15:03:03.2564597Z' while content on disk has modification time of '2026-04-03T15:03:37.0797092Z'
Number of updated asset objects reloaded before import = 0Number of asset objects unloaded after import = 0

========================================================================
Received Import Request.
  Time since last request: 0.000087 seconds.
  path: Assets/Scenes/Paddle.cs
  artifactKey: Guid(68c1c49e2364bbb4d93898ff2f348a28) Importer(815301076,1909f56bfc062723c751e8b465ee728b)
Start importing Assets/Scenes/Paddle.cs using Guid(68c1c49e2364bbb4d93898ff2f348a28) Importer(815301076,1909f56bfc062723c751e8b465ee728b) (PreviewImporter) -> (artifact id: '00000000000000000000000000000000') in 0.0039488 seconds
Import Error Code:(4)
Message: Build asset version error: assets/scenes/paddle.cs in SourceAssetDB has modification time of '2026-04-03T15:03:03.2564597Z' while content on disk has modification time of '2026-04-03T15:03:37.0797092Z'
  ERROR: Build asset version error: assets/scenes/paddle.cs in SourceAssetDB has modification time of '2026-04-03T15:03:03.2564597Z' while content on disk has modification time of '2026-04-03T15:03:37.0797092Z'
Number of updated asset objects reloaded before import = 0Number of asset objects unloaded after import = 0

========================================================================
Received Import Request.
  Time since last request: 0.000056 seconds.
  path: Assets/Scenes/Paddle.cs
  artifactKey: Guid(68c1c49e2364bbb4d93898ff2f348a28) Importer(815301076,1909f56bfc062723c751e8b465ee728b)
Start importing Assets/Scenes/Paddle.cs using Guid(68c1c49e2364bbb4d93898ff2f348a28) Importer(815301076,1909f56bfc062723c751e8b465ee728b) (PreviewImporter) -> (artifact id: '00000000000000000000000000000000') in 0.0041812 seconds
Import Error Code:(4)
Message: Build asset version error: assets/scenes/paddle.cs in SourceAssetDB has modification time of '2026-04-03T15:03:03.2564597Z' while content on disk has modification time of '2026-04-03T15:03:37.0797092Z'
  ERROR: Build asset version error: assets/scenes/paddle.cs in SourceAssetDB has modification time of '2026-04-03T15:03:03.2564597Z' while content on disk has modification time of '2026-04-03T15:03:37.0797092Z'
Number of updated asset objects reloaded before import = 0Number of asset objects unloaded after import = 0

========================================================================
Received Import Request.
  Time since last request: 0.000084 seconds.
  path: Assets/Scenes/Paddle.cs
  artifactKey: Guid(68c1c49e2364bbb4d93898ff2f348a28) Importer(815301076,1909f56bfc062723c751e8b465ee728b)
Start importing Assets/Scenes/Paddle.cs using Guid(68c1c49e2364bbb4d93898ff2f348a28) Importer(815301076,1909f56bfc062723c751e8b465ee728b) (PreviewImporter) -> (artifact id: '00000000000000000000000000000000') in 0.0024117 seconds
Import Error Code:(4)
Message: Build asset version error: assets/scenes/paddle.cs in SourceAssetDB has modification time of '2026-04-03T15:03:03.2564597Z' while content on disk has modification time of '2026-04-03T15:03:37.0797092Z'
  ERROR: Build asset version error: assets/scenes/paddle.cs in SourceAssetDB has modification time of '2026-04-03T15:03:03.2564597Z' while content on disk has modification time of '2026-04-03T15:03:37.0797092Z'
Number of updated asset objects reloaded before import = 0Number of asset objects unloaded after import = 0

========================================================================
Received Import Request.
  Time since last request: 0.000057 seconds.
  path: Assets/Scenes/Paddle.cs
  artifactKey: Guid(68c1c49e2364bbb4d93898ff2f348a28) Importer(815301076,1909f56bfc062723c751e8b465ee728b)
Start importing Assets/Scenes/Paddle.cs using Guid(68c1c49e2364bbb4d93898ff2f348a28) Importer(815301076,1909f56bfc062723c751e8b465ee728b) (PreviewImporter) -> (artifact id: '00000000000000000000000000000000') in 0.0040275 seconds
Import Error Code:(4)
Message: Build asset version error: assets/scenes/paddle.cs in SourceAssetDB has modification time of '2026-04-03T15:03:03.2564597Z' while content on disk has modification time of '2026-04-03T15:03:37.0797092Z'
  ERROR: Build asset version error: assets/scenes/paddle.cs in SourceAssetDB has modification time of '2026-04-03T15:03:03.2564597Z' while content on disk has modification time of '2026-04-03T15:03:37.0797092Z'
Number of updated asset objects reloaded before import = 0Number of asset objects unloaded after import = 0

========================================================================
Received Import Request.
  Time since last request: 0.000093 seconds.
  path: Assets/Scenes/Paddle.cs
  artifactKey: Guid(68c1c49e2364bbb4d93898ff2f348a28) Importer(815301076,1909f56bfc062723c751e8b465ee728b)
Start importing Assets/Scenes/Paddle.cs using Guid(68c1c49e2364bbb4d93898ff2f348a28) Importer(815301076,1909f56bfc062723c751e8b465ee728b) (PreviewImporter) -> (artifact id: '00000000000000000000000000000000') in 0.0023094 seconds
Import Error Code:(4)
Message: Build asset version error: assets/scenes/paddle.cs in SourceAssetDB has modification time of '2026-04-03T15:03:03.2564597Z' while content on disk has modification time of '2026-04-03T15:03:37.0797092Z'
  ERROR: Build asset version error: assets/scenes/paddle.cs in SourceAssetDB has modification time of '2026-04-03T15:03:03.2564597Z' while content on disk has modification time of '2026-04-03T15:03:37.0797092Z'
Number of updated asset objects reloaded before import = 0Number of asset objects unloaded after import = 0

========================================================================
Received Import Request.
  Time since last request: 0.000059 seconds.
  path: Assets/Scenes/Paddle.cs
  artifactKey: Guid(68c1c49e2364bbb4d93898ff2f348a28) Importer(815301076,1909f56bfc062723c751e8b465ee728b)
Start importing Assets/Scenes/Paddle.cs using Guid(68c1c49e2364bbb4d93898ff2f348a28) Importer(815301076,1909f56bfc062723c751e8b465ee728b) (PreviewImporter) -> (artifact id: '00000000000000000000000000000000') in 0.0035318 seconds
Import Error Code:(4)
Message: Build asset version error: assets/scenes/paddle.cs in SourceAssetDB has modification time of '2026-04-03T15:03:03.2564597Z' while content on disk has modification time of '2026-04-03T15:03:37.0797092Z'
  ERROR: Build asset version error: assets/scenes/paddle.cs in SourceAssetDB has modification time of '2026-04-03T15:03:03.2564597Z' while content on disk has modification time of '2026-04-03T15:03:37.0797092Z'
Number of updated asset objects reloaded before import = 0Number of asset objects unloaded after import = 0

========================================================================
Received Import Request.
  Time since last request: 0.000538 seconds.
  path: Assets/Scenes/Paddle.cs
  artifactKey: Guid(68c1c49e2364bbb4d93898ff2f348a28) Importer(815301076,1909f56bfc062723c751e8b465ee728b)
Start importing Assets/Scenes/Paddle.cs using Guid(68c1c49e2364bbb4d93898ff2f348a28) Importer(815301076,1909f56bfc062723c751e8b465ee728b) (PreviewImporter) -> (artifact id: '00000000000000000000000000000000') in 0.0039003 seconds
Import Error Code:(4)
Message: Build asset version error: assets/scenes/paddle.cs in SourceAssetDB has modification time of '2026-04-03T15:03:03.2564597Z' while content on disk has modification time of '2026-04-03T15:03:37.0797092Z'
  ERROR: Build asset version error: assets/scenes/paddle.cs in SourceAssetDB has modification time of '2026-04-03T15:03:03.2564597Z' while content on disk has modification time of '2026-04-03T15:03:37.0797092Z'
Number of updated asset objects reloaded before import = 0Number of asset objects unloaded after import = 0

========================================================================
Received Import Request.
  Time since last request: 0.000052 seconds.
  path: Assets/Scenes/Paddle.cs
  artifactKey: Guid(68c1c49e2364bbb4d93898ff2f348a28) Importer(815301076,1909f56bfc062723c751e8b465ee728b)
Start importing Assets/Scenes/Paddle.cs using Guid(68c1c49e2364bbb4d93898ff2f348a28) Importer(815301076,1909f56bfc062723c751e8b465ee728b) (PreviewImporter) -> (artifact id: '00000000000000000000000000000000') in 0.0029341 seconds
Import Error Code:(4)
Message: Build asset version error: assets/scenes/paddle.cs in SourceAssetDB has modification time of '2026-04-03T15:03:03.2564597Z' while content on disk has modification time of '2026-04-03T15:03:37.0797092Z'
  ERROR: Build asset version error: assets/scenes/paddle.cs in SourceAssetDB has modification time of '2026-04-03T15:03:03.2564597Z' while content on disk has modification time of '2026-04-03T15:03:37.0797092Z'
Number of updated asset objects reloaded before import = 0Number of asset objects unloaded after import = 0

========================================================================
Received Import Request.
  Time since last request: 0.000079 seconds.
  path: Assets/Scenes/Paddle.cs
  artifactKey: Guid(68c1c49e2364bbb4d93898ff2f348a28) Importer(815301076,1909f56bfc062723c751e8b465ee728b)
Start importing Assets/Scenes/Paddle.cs using Guid(68c1c49e2364bbb4d93898ff2f348a28) Importer(815301076,1909f56bfc062723c751e8b465ee728b) (PreviewImporter) -> (artifact id: '00000000000000000000000000000000') in 0.0036568 seconds
Import Error Code:(4)
Message: Build asset version error: assets/scenes/paddle.cs in SourceAssetDB has modification time of '2026-04-03T15:03:03.2564597Z' while content on disk has modification time of '2026-04-03T15:03:37.0797092Z'
  ERROR: Build asset version error: assets/scenes/paddle.cs in SourceAssetDB has modification time of '2026-04-03T15:03:03.2564597Z' while content on disk has modification time of '2026-04-03T15:03:37.0797092Z'
Number of updated asset objects reloaded before import = 0Number of asset objects unloaded after import = 0

========================================================================
Received Import Request.
  Time since last request: 0.000034 seconds.
  path: Assets/Scenes/Paddle.cs
  artifactKey: Guid(68c1c49e2364bbb4d93898ff2f348a28) Importer(815301076,1909f56bfc062723c751e8b465ee728b)
Start importing Assets/Scenes/Paddle.cs using Guid(68c1c49e2364bbb4d93898ff2f348a28) Importer(815301076,1909f56bfc062723c751e8b465ee728b) (PreviewImporter) -> (artifact id: '00000000000000000000000000000000') in 0.001208 seconds
Import Error Code:(4)
Message: Build asset version error: assets/scenes/paddle.cs in SourceAssetDB has modification time of '2026-04-03T15:03:03.2564597Z' while content on disk has modification time of '2026-04-03T15:03:37.0797092Z'
  ERROR: Build asset version error: assets/scenes/paddle.cs in SourceAssetDB has modification time of '2026-04-03T15:03:03.2564597Z' while content on disk has modification time of '2026-04-03T15:03:37.0797092Z'
Number of updated asset objects reloaded before import = 0Number of asset objects unloaded after import = 0

========================================================================
Received Import Request.
  Time since last request: 0.000056 seconds.
  path: Assets/Scenes/Paddle.cs
  artifactKey: Guid(68c1c49e2364bbb4d93898ff2f348a28) Importer(815301076,1909f56bfc062723c751e8b465ee728b)
Start importing Assets/Scenes/Paddle.cs using Guid(68c1c49e2364bbb4d93898ff2f348a28) Importer(815301076,1909f56bfc062723c751e8b465ee728b) (PreviewImporter) -> (artifact id: '00000000000000000000000000000000') in 0.0022998 seconds
Import Error Code:(4)
Message: Build asset version error: assets/scenes/paddle.cs in SourceAssetDB has modification time of '2026-04-03T15:03:03.2564597Z' while content on disk has modification time of '2026-04-03T15:03:37.0797092Z'
  ERROR: Build asset version error: assets/scenes/paddle.cs in SourceAssetDB has modification time of '2026-04-03T15:03:03.2564597Z' while content on disk has modification time of '2026-04-03T15:03:37.0797092Z'
Number of updated asset objects reloaded before import = 0Number of asset objects unloaded after import = 0

========================================================================
Received Import Request.
  Time since last request: 0.000080 seconds.
  path: Assets/Scenes/Paddle.cs
  artifactKey: Guid(68c1c49e2364bbb4d93898ff2f348a28) Importer(815301076,1909f56bfc062723c751e8b465ee728b)
Start importing Assets/Scenes/Paddle.cs using Guid(68c1c49e2364bbb4d93898ff2f348a28) Importer(815301076,1909f56bfc062723c751e8b465ee728b) (PreviewImporter) -> (artifact id: '00000000000000000000000000000000') in 0.0021613 seconds
Import Error Code:(4)
Message: Build asset version error: assets/scenes/paddle.cs in SourceAssetDB has modification time of '2026-04-03T15:03:03.2564597Z' while content on disk has modification time of '2026-04-03T15:03:37.0797092Z'
  ERROR: Build asset version error: assets/scenes/paddle.cs in SourceAssetDB has modification time of '2026-04-03T15:03:03.2564597Z' while content on disk has modification time of '2026-04-03T15:03:37.0797092Z'
Number of updated asset objects reloaded before import = 0Number of asset objects unloaded after import = 0

========================================================================
Received Import Request.
  Time since last request: 0.000053 seconds.
  path: Assets/Scenes/Paddle.cs
  artifactKey: Guid(68c1c49e2364bbb4d93898ff2f348a28) Importer(815301076,1909f56bfc062723c751e8b465ee728b)
Start importing Assets/Scenes/Paddle.cs using Guid(68c1c49e2364bbb4d93898ff2f348a28) Importer(815301076,1909f56bfc062723c751e8b465ee728b) (PreviewImporter) -> (artifact id: '00000000000000000000000000000000') in 0.0029718 seconds
Import Error Code:(4)
Message: Build asset version error: assets/scenes/paddle.cs in SourceAssetDB has modification time of '2026-04-03T15:03:03.2564597Z' while content on disk has modification time of '2026-04-03T15:03:37.0797092Z'
  ERROR: Build asset version error: assets/scenes/paddle.cs in SourceAssetDB has modification time of '2026-04-03T15:03:03.2564597Z' while content on disk has modification time of '2026-04-03T15:03:37.0797092Z'
Number of updated asset objects reloaded before import = 0Number of asset objects unloaded after import = 0

========================================================================
Received Import Request.
  Time since last request: 0.000062 seconds.
  path: Assets/Scenes/Paddle.cs
  artifactKey: Guid(68c1c49e2364bbb4d93898ff2f348a28) Importer(815301076,1909f56bfc062723c751e8b465ee728b)
Start importing Assets/Scenes/Paddle.cs using Guid(68c1c49e2364bbb4d93898ff2f348a28) Importer(815301076,1909f56bfc062723c751e8b465ee728b) (PreviewImporter) -> (artifact id: '00000000000000000000000000000000') in 0.0029103 seconds
Import Error Code:(4)
Message: Build asset version error: assets/scenes/paddle.cs in SourceAssetDB has modification time of '2026-04-03T15:03:03.2564597Z' while content on disk has modification time of '2026-04-03T15:03:37.0797092Z'
  ERROR: Build asset version error: assets/scenes/paddle.cs in SourceAssetDB has modification time of '2026-04-03T15:03:03.2564597Z' while content on disk has modification time of '2026-04-03T15:03:37.0797092Z'
Number of updated asset objects reloaded before import = 0Number of asset objects unloaded after import = 0

========================================================================
Received Import Request.
  Time since last request: 0.000198 seconds.
  path: Assets/Scenes/Paddle.cs
  artifactKey: Guid(68c1c49e2364bbb4d93898ff2f348a28) Importer(815301076,1909f56bfc062723c751e8b465ee728b)
Start importing Assets/Scenes/Paddle.cs using Guid(68c1c49e2364bbb4d93898ff2f348a28) Importer(815301076,1909f56bfc062723c751e8b465ee728b) (PreviewImporter) -> (artifact id: '00000000000000000000000000000000') in 0.0030028 seconds
Import Error Code:(4)
Message: Build asset version error: assets/scenes/paddle.cs in SourceAssetDB has modification time of '2026-04-03T15:03:03.2564597Z' while content on disk has modification time of '2026-04-03T15:03:37.0797092Z'
  ERROR: Build asset version error: assets/scenes/paddle.cs in SourceAssetDB has modification time of '2026-04-03T15:03:03.2564597Z' while content on disk has modification time of '2026-04-03T15:03:37.0797092Z'
Number of updated asset objects reloaded before import = 0Number of asset objects unloaded after import = 0

========================================================================
Received Import Request.
  Time since last request: 0.000069 seconds.
  path: Assets/Scenes/Paddle.cs
  artifactKey: Guid(68c1c49e2364bbb4d93898ff2f348a28) Importer(815301076,1909f56bfc062723c751e8b465ee728b)
Start importing Assets/Scenes/Paddle.cs using Guid(68c1c49e2364bbb4d93898ff2f348a28) Importer(815301076,1909f56bfc062723c751e8b465ee728b) (PreviewImporter) -> (artifact id: '00000000000000000000000000000000') in 0.0028845 seconds
Import Error Code:(4)
Message: Build asset version error: assets/scenes/paddle.cs in SourceAssetDB has modification time of '2026-04-03T15:03:03.2564597Z' while content on disk has modification time of '2026-04-03T15:03:37.0797092Z'
  ERROR: Build asset version error: assets/scenes/paddle.cs in SourceAssetDB has modification time of '2026-04-03T15:03:03.2564597Z' while content on disk has modification time of '2026-04-03T15:03:37.0797092Z'
Number of updated asset objects reloaded before import = 0Number of asset objects unloaded after import = 0

========================================================================
Received Import Request.
  Time since last request: 0.000109 seconds.
  path: Assets/Scenes/Paddle.cs
  artifactKey: Guid(68c1c49e2364bbb4d93898ff2f348a28) Importer(815301076,1909f56bfc062723c751e8b465ee728b)
Start importing Assets/Scenes/Paddle.cs using Guid(68c1c49e2364bbb4d93898ff2f348a28) Importer(815301076,1909f56bfc062723c751e8b465ee728b) (PreviewImporter) -> (artifact id: '00000000000000000000000000000000') in 0.002349 seconds
Import Error Code:(4)
Message: Build asset version error: assets/scenes/paddle.cs in SourceAssetDB has modification time of '2026-04-03T15:03:03.2564597Z' while content on disk has modification time of '2026-04-03T15:03:37.0797092Z'
  ERROR: Build asset version error: assets/scenes/paddle.cs in SourceAssetDB has modification time of '2026-04-03T15:03:03.2564597Z' while content on disk has modification time of '2026-04-03T15:03:37.0797092Z'
Number of updated asset objects reloaded before import = 0Number of asset objects unloaded after import = 0

========================================================================
Received Import Request.
  Time since last request: 0.000052 seconds.
  path: Assets/Scenes/Paddle.cs
  artifactKey: Guid(68c1c49e2364bbb4d93898ff2f348a28) Importer(815301076,1909f56bfc062723c751e8b465ee728b)
Start importing Assets/Scenes/Paddle.cs using Guid(68c1c49e2364bbb4d93898ff2f348a28) Importer(815301076,1909f56bfc062723c751e8b465ee728b) (PreviewImporter) -> (artifact id: '00000000000000000000000000000000') in 0.0040221 seconds
Import Error Code:(4)
Message: Build asset version error: assets/scenes/paddle.cs in SourceAssetDB has modification time of '2026-04-03T15:03:03.2564597Z' while content on disk has modification time of '2026-04-03T15:03:37.0797092Z'
  ERROR: Build asset version error: assets/scenes/paddle.cs in SourceAssetDB has modification time of '2026-04-03T15:03:03.2564597Z' while content on disk has modification time of '2026-04-03T15:03:37.0797092Z'
Number of updated asset objects reloaded before import = 0Number of asset objects unloaded after import = 0

========================================================================
Received Import Request.
  Time since last request: 0.000048 seconds.
  path: Assets/Scenes/Paddle.cs
  artifactKey: Guid(68c1c49e2364bbb4d93898ff2f348a28) Importer(815301076,1909f56bfc062723c751e8b465ee728b)
Start importing Assets/Scenes/Paddle.cs using Guid(68c1c49e2364bbb4d93898ff2f348a28) Importer(815301076,1909f56bfc062723c751e8b465ee728b) (PreviewImporter) -> (artifact id: '00000000000000000000000000000000') in 0.0035994 seconds
Import Error Code:(4)
Message: Build asset version error: assets/scenes/paddle.cs in SourceAssetDB has modification time of '2026-04-03T15:03:03.2564597Z' while content on disk has modification time of '2026-04-03T15:03:37.0797092Z'
  ERROR: Build asset version error: assets/scenes/paddle.cs in SourceAssetDB has modification time of '2026-04-03T15:03:03.2564597Z' while content on disk has modification time of '2026-04-03T15:03:37.0797092Z'
Number of updated asset objects reloaded before import = 0Number of asset objects unloaded after import = 0

========================================================================
Received Import Request.
  Time since last request: 0.000075 seconds.
  path: Assets/Scenes/Paddle.cs
  artifactKey: Guid(68c1c49e2364bbb4d93898ff2f348a28) Importer(815301076,1909f56bfc062723c751e8b465ee728b)
Start importing Assets/Scenes/Paddle.cs using Guid(68c1c49e2364bbb4d93898ff2f348a28) Importer(815301076,1909f56bfc062723c751e8b465ee728b) (PreviewImporter) -> (artifact id: '00000000000000000000000000000000') in 0.0022152 seconds
Import Error Code:(4)
Message: Build asset version error: assets/scenes/paddle.cs in SourceAssetDB has modification time of '2026-04-03T15:03:03.2564597Z' while content on disk has modification time of '2026-04-03T15:03:37.0797092Z'
  ERROR: Build asset version error: assets/scenes/paddle.cs in SourceAssetDB has modification time of '2026-04-03T15:03:03.2564597Z' while content on disk has modification time of '2026-04-03T15:03:37.0797092Z'
Number of updated asset objects reloaded before import = 0Number of asset objects unloaded after import = 0

========================================================================
Received Import Request.
  Time since last request: 0.000058 seconds.
  path: Assets/Scenes/Paddle.cs
  artifactKey: Guid(68c1c49e2364bbb4d93898ff2f348a28) Importer(815301076,1909f56bfc062723c751e8b465ee728b)
Start importing Assets/Scenes/Paddle.cs using Guid(68c1c49e2364bbb4d93898ff2f348a28) Importer(815301076,1909f56bfc062723c751e8b465ee728b) (PreviewImporter) -> (artifact id: '00000000000000000000000000000000') in 0.0035043 seconds
Import Error Code:(4)
Message: Build asset version error: assets/scenes/paddle.cs in SourceAssetDB has modification time of '2026-04-03T15:03:03.2564597Z' while content on disk has modification time of '2026-04-03T15:03:37.0797092Z'
  ERROR: Build asset version error: assets/scenes/paddle.cs in SourceAssetDB has modification time of '2026-04-03T15:03:03.2564597Z' while content on disk has modification time of '2026-04-03T15:03:37.0797092Z'
Number of updated asset objects reloaded before import = 0Number of asset objects unloaded after import = 0

========================================================================
Received Import Request.
  Time since last request: 0.000094 seconds.
  path: Assets/Scenes/Paddle.cs
  artifactKey: Guid(68c1c49e2364bbb4d93898ff2f348a28) Importer(815301076,1909f56bfc062723c751e8b465ee728b)
Start importing Assets/Scenes/Paddle.cs using Guid(68c1c49e2364bbb4d93898ff2f348a28) Importer(815301076,1909f56bfc062723c751e8b465ee728b) (PreviewImporter) -> (artifact id: '00000000000000000000000000000000') in 0.0019237 seconds
Import Error Code:(4)
Message: Build asset version error: assets/scenes/paddle.cs in SourceAssetDB has modification time of '2026-04-03T15:03:03.2564597Z' while content on disk has modification time of '2026-04-03T15:03:37.0797092Z'
  ERROR: Build asset version error: assets/scenes/paddle.cs in SourceAssetDB has modification time of '2026-04-03T15:03:03.2564597Z' while content on disk has modification time of '2026-04-03T15:03:37.0797092Z'
Number of updated asset objects reloaded before import = 0Number of asset objects unloaded after import = 0

========================================================================
Received Import Request.
  Time since last request: 0.000043 seconds.
  path: Assets/Scenes/Paddle.cs
  artifactKey: Guid(68c1c49e2364bbb4d93898ff2f348a28) Importer(815301076,1909f56bfc062723c751e8b465ee728b)
Start importing Assets/Scenes/Paddle.cs using Guid(68c1c49e2364bbb4d93898ff2f348a28) Importer(815301076,1909f56bfc062723c751e8b465ee728b) (PreviewImporter) -> (artifact id: '00000000000000000000000000000000') in 0.0020919 seconds
Import Error Code:(4)
Message: Build asset version error: assets/scenes/paddle.cs in SourceAssetDB has modification time of '2026-04-03T15:03:03.2564597Z' while content on disk has modification time of '2026-04-03T15:03:37.0797092Z'
  ERROR: Build asset version error: assets/scenes/paddle.cs in SourceAssetDB has modification time of '2026-04-03T15:03:03.2564597Z' while content on disk has modification time of '2026-04-03T15:03:37.0797092Z'
Number of updated asset objects reloaded before import = 0Number of asset objects unloaded after import = 0

========================================================================
Received Import Request.
  Time since last request: 0.000047 seconds.
  path: Assets/Scenes/Paddle.cs
  artifactKey: Guid(68c1c49e2364bbb4d93898ff2f348a28) Importer(815301076,1909f56bfc062723c751e8b465ee728b)
Start importing Assets/Scenes/Paddle.cs using Guid(68c1c49e2364bbb4d93898ff2f348a28) Importer(815301076,1909f56bfc062723c751e8b465ee728b) (PreviewImporter) -> (artifact id: '00000000000000000000000000000000') in 0.0018536 seconds
Import Error Code:(4)
Message: Build asset version error: assets/scenes/paddle.cs in SourceAssetDB has modification time of '2026-04-03T15:03:03.2564597Z' while content on disk has modification time of '2026-04-03T15:03:37.0797092Z'
  ERROR: Build asset version error: assets/scenes/paddle.cs in SourceAssetDB has modification time of '2026-04-03T15:03:03.2564597Z' while content on disk has modification time of '2026-04-03T15:03:37.0797092Z'
Number of updated asset objects reloaded before import = 0Number of asset objects unloaded after import = 0

========================================================================
Received Import Request.
  Time since last request: 0.000079 seconds.
  path: Assets/Scenes/Paddle.cs
  artifactKey: Guid(68c1c49e2364bbb4d93898ff2f348a28) Importer(815301076,1909f56bfc062723c751e8b465ee728b)
Start importing Assets/Scenes/Paddle.cs using Guid(68c1c49e2364bbb4d93898ff2f348a28) Importer(815301076,1909f56bfc062723c751e8b465ee728b) (PreviewImporter) -> (artifact id: '00000000000000000000000000000000') in 0.0031227 seconds
Import Error Code:(4)
Message: Build asset version error: assets/scenes/paddle.cs in SourceAssetDB has modification time of '2026-04-03T15:03:03.2564597Z' while content on disk has modification time of '2026-04-03T15:03:37.0797092Z'
  ERROR: Build asset version error: assets/scenes/paddle.cs in SourceAssetDB has modification time of '2026-04-03T15:03:03.2564597Z' while content on disk has modification time of '2026-04-03T15:03:37.0797092Z'
Number of updated asset objects reloaded before import = 0Number of asset objects unloaded after import = 0

========================================================================
Received Import Request.
  Time since last request: 0.000045 seconds.
  path: Assets/Scenes/Paddle.cs
  artifactKey: Guid(68c1c49e2364bbb4d93898ff2f348a28) Importer(815301076,1909f56bfc062723c751e8b465ee728b)
Start importing Assets/Scenes/Paddle.cs using Guid(68c1c49e2364bbb4d93898ff2f348a28) Importer(815301076,1909f56bfc062723c751e8b465ee728b) (PreviewImporter) -> (artifact id: '00000000000000000000000000000000') in 0.0036308 seconds
Import Error Code:(4)
Message: Build asset version error: assets/scenes/paddle.cs in SourceAssetDB has modification time of '2026-04-03T15:03:03.2564597Z' while content on disk has modification time of '2026-04-03T15:03:37.0797092Z'
  ERROR: Build asset version error: assets/scenes/paddle.cs in SourceAssetDB has modification time of '2026-04-03T15:03:03.2564597Z' while content on disk has modification time of '2026-04-03T15:03:37.0797092Z'
Number of updated asset objects reloaded before import = 0Number of asset objects unloaded after import = 0

========================================================================
Received Import Request.
  Time since last request: 0.000110 seconds.
  path: Assets/Scenes/Paddle.cs
  artifactKey: Guid(68c1c49e2364bbb4d93898ff2f348a28) Importer(815301076,1909f56bfc062723c751e8b465ee728b)
Start importing Assets/Scenes/Paddle.cs using Guid(68c1c49e2364bbb4d93898ff2f348a28) Importer(815301076,1909f56bfc062723c751e8b465ee728b) (PreviewImporter) -> (artifact id: '00000000000000000000000000000000') in 0.0039776 seconds
Import Error Code:(4)
Message: Build asset version error: assets/scenes/paddle.cs in SourceAssetDB has modification time of '2026-04-03T15:03:03.2564597Z' while content on disk has modification time of '2026-04-03T15:03:37.0797092Z'
  ERROR: Build asset version error: assets/scenes/paddle.cs in SourceAssetDB has modification time of '2026-04-03T15:03:03.2564597Z' while content on disk has modification time of '2026-04-03T15:03:37.0797092Z'
Number of updated asset objects reloaded before import = 0Number of asset objects unloaded after import = 0

========================================================================
Received Import Request.
  Time since last request: 0.000062 seconds.
  path: Assets/Scenes/Paddle.cs
  artifactKey: Guid(68c1c49e2364bbb4d93898ff2f348a28) Importer(815301076,1909f56bfc062723c751e8b465ee728b)
Start importing Assets/Scenes/Paddle.cs using Guid(68c1c49e2364bbb4d93898ff2f348a28) Importer(815301076,1909f56bfc062723c751e8b465ee728b) (PreviewImporter) -> (artifact id: '00000000000000000000000000000000') in 0.0035438 seconds
Import Error Code:(4)
Message: Build asset version error: assets/scenes/paddle.cs in SourceAssetDB has modification time of '2026-04-03T15:03:03.2564597Z' while content on disk has modification time of '2026-04-03T15:03:37.0797092Z'
  ERROR: Build asset version error: assets/scenes/paddle.cs in SourceAssetDB has modification time of '2026-04-03T15:03:03.2564597Z' while content on disk has modification time of '2026-04-03T15:03:37.0797092Z'
Number of updated asset objects reloaded before import = 0Number of asset objects unloaded after import = 0

========================================================================
Received Import Request.
  Time since last request: 0.000084 seconds.
  path: Assets/Scenes/Paddle.cs
  artifactKey: Guid(68c1c49e2364bbb4d93898ff2f348a28) Importer(815301076,1909f56bfc062723c751e8b465ee728b)
Start importing Assets/Scenes/Paddle.cs using Guid(68c1c49e2364bbb4d93898ff2f348a28) Importer(815301076,1909f56bfc062723c751e8b465ee728b) (PreviewImporter) -> (artifact id: '00000000000000000000000000000000') in 0.0022537 seconds
Import Error Code:(4)
Message: Build asset version error: assets/scenes/paddle.cs in SourceAssetDB has modification time of '2026-04-03T15:03:03.2564597Z' while content on disk has modification time of '2026-04-03T15:03:37.0797092Z'
  ERROR: Build asset version error: assets/scenes/paddle.cs in SourceAssetDB has modification time of '2026-04-03T15:03:03.2564597Z' while content on disk has modification time of '2026-04-03T15:03:37.0797092Z'
Number of updated asset objects reloaded before import = 0Number of asset objects unloaded after import = 0

========================================================================
Received Import Request.
  Time since last request: 0.000055 seconds.
  path: Assets/Scenes/Paddle.cs
  artifactKey: Guid(68c1c49e2364bbb4d93898ff2f348a28) Importer(815301076,1909f56bfc062723c751e8b465ee728b)
Start importing Assets/Scenes/Paddle.cs using Guid(68c1c49e2364bbb4d93898ff2f348a28) Importer(815301076,1909f56bfc062723c751e8b465ee728b) (PreviewImporter) -> (artifact id: '00000000000000000000000000000000') in 0.0028869 seconds
Import Error Code:(4)
Message: Build asset version error: assets/scenes/paddle.cs in SourceAssetDB has modification time of '2026-04-03T15:03:03.2564597Z' while content on disk has modification time of '2026-04-03T15:03:37.0797092Z'
  ERROR: Build asset version error: assets/scenes/paddle.cs in SourceAssetDB has modification time of '2026-04-03T15:03:03.2564597Z' while content on disk has modification time of '2026-04-03T15:03:37.0797092Z'
Number of updated asset objects reloaded before import = 0Number of asset objects unloaded after import = 0

========================================================================
Received Import Request.
  Time since last request: 0.000067 seconds.
  path: Assets/Scenes/Paddle.cs
  artifactKey: Guid(68c1c49e2364bbb4d93898ff2f348a28) Importer(815301076,1909f56bfc062723c751e8b465ee728b)
Start importing Assets/Scenes/Paddle.cs using Guid(68c1c49e2364bbb4d93898ff2f348a28) Importer(815301076,1909f56bfc062723c751e8b465ee728b) (PreviewImporter) -> (artifact id: '00000000000000000000000000000000') in 0.0026786 seconds
Import Error Code:(4)
Message: Build asset version error: assets/scenes/paddle.cs in SourceAssetDB has modification time of '2026-04-03T15:03:03.2564597Z' while content on disk has modification time of '2026-04-03T15:03:37.0797092Z'
  ERROR: Build asset version error: assets/scenes/paddle.cs in SourceAssetDB has modification time of '2026-04-03T15:03:03.2564597Z' while content on disk has modification time of '2026-04-03T15:03:37.0797092Z'
Number of updated asset objects reloaded before import = 0Number of asset objects unloaded after import = 0

========================================================================
Received Import Request.
  Time since last request: 0.000042 seconds.
  path: Assets/Scenes/Paddle.cs
  artifactKey: Guid(68c1c49e2364bbb4d93898ff2f348a28) Importer(815301076,1909f56bfc062723c751e8b465ee728b)
Start importing Assets/Scenes/Paddle.cs using Guid(68c1c49e2364bbb4d93898ff2f348a28) Importer(815301076,1909f56bfc062723c751e8b465ee728b) (PreviewImporter) -> (artifact id: '00000000000000000000000000000000') in 0.0015718 seconds
Import Error Code:(4)
Message: Build asset version error: assets/scenes/paddle.cs in SourceAssetDB has modification time of '2026-04-03T15:03:03.2564597Z' while content on disk has modification time of '2026-04-03T15:03:37.0797092Z'
  ERROR: Build asset version error: assets/scenes/paddle.cs in SourceAssetDB has modification time of '2026-04-03T15:03:03.2564597Z' while content on disk has modification time of '2026-04-03T15:03:37.0797092Z'
Number of updated asset objects reloaded before import = 0Number of asset objects unloaded after import = 0

========================================================================
Received Import Request.
  Time since last request: 0.000054 seconds.
  path: Assets/Scenes/Paddle.cs
  artifactKey: Guid(68c1c49e2364bbb4d93898ff2f348a28) Importer(815301076,1909f56bfc062723c751e8b465ee728b)
Start importing Assets/Scenes/Paddle.cs using Guid(68c1c49e2364bbb4d93898ff2f348a28) Importer(815301076,1909f56bfc062723c751e8b465ee728b) (PreviewImporter) -> (artifact id: '00000000000000000000000000000000') in 0.0018951 seconds
Import Error Code:(4)
Message: Build asset version error: assets/scenes/paddle.cs in SourceAssetDB has modification time of '2026-04-03T15:03:03.2564597Z' while content on disk has modification time of '2026-04-03T15:03:37.0797092Z'
  ERROR: Build asset version error: assets/scenes/paddle.cs in SourceAssetDB has modification time of '2026-04-03T15:03:03.2564597Z' while content on disk has modification time of '2026-04-03T15:03:37.0797092Z'
Number of updated asset objects reloaded before import = 0Number of asset objects unloaded after import = 0

========================================================================
Received Import Request.
  Time since last request: 0.000079 seconds.
  path: Assets/Scenes/Paddle.cs
  artifactKey: Guid(68c1c49e2364bbb4d93898ff2f348a28) Importer(815301076,1909f56bfc062723c751e8b465ee728b)
Start importing Assets/Scenes/Paddle.cs using Guid(68c1c49e2364bbb4d93898ff2f348a28) Importer(815301076,1909f56bfc062723c751e8b465ee728b) (PreviewImporter) -> (artifact id: '00000000000000000000000000000000') in 0.0040342 seconds
Import Error Code:(4)
Message: Build asset version error: assets/scenes/paddle.cs in SourceAssetDB has modification time of '2026-04-03T15:03:03.2564597Z' while content on disk has modification time of '2026-04-03T15:03:37.0797092Z'
  ERROR: Build asset version error: assets/scenes/paddle.cs in SourceAssetDB has modification time of '2026-04-03T15:03:03.2564597Z' while content on disk has modification time of '2026-04-03T15:03:37.0797092Z'
Number of updated asset objects reloaded before import = 0Number of asset objects unloaded after import = 0

========================================================================
Received Import Request.
  Time since last request: 0.000030 seconds.
  path: Assets/Scenes/Paddle.cs
  artifactKey: Guid(68c1c49e2364bbb4d93898ff2f348a28) Importer(815301076,1909f56bfc062723c751e8b465ee728b)
Start importing Assets/Scenes/Paddle.cs using Guid(68c1c49e2364bbb4d93898ff2f348a28) Importer(815301076,1909f56bfc062723c751e8b465ee728b) (PreviewImporter) -> (artifact id: '00000000000000000000000000000000') in 0.0015497 seconds
Import Error Code:(4)
Message: Build asset version error: assets/scenes/paddle.cs in SourceAssetDB has modification time of '2026-04-03T15:03:03.2564597Z' while content on disk has modification time of '2026-04-03T15:03:37.0797092Z'
  ERROR: Build asset version error: assets/scenes/paddle.cs in SourceAssetDB has modification time of '2026-04-03T15:03:03.2564597Z' while content on disk has modification time of '2026-04-03T15:03:37.0797092Z'
Number of updated asset objects reloaded before import = 0Number of asset objects unloaded after import = 0

========================================================================
Received Import Request.
  Time since last request: 0.000081 seconds.
  path: Assets/Scenes/Paddle.cs
  artifactKey: Guid(68c1c49e2364bbb4d93898ff2f348a28) Importer(815301076,1909f56bfc062723c751e8b465ee728b)
Start importing Assets/Scenes/Paddle.cs using Guid(68c1c49e2364bbb4d93898ff2f348a28) Importer(815301076,1909f56bfc062723c751e8b465ee728b) (PreviewImporter) -> (artifact id: '00000000000000000000000000000000') in 0.0020925 seconds
Import Error Code:(4)
Message: Build asset version error: assets/scenes/paddle.cs in SourceAssetDB has modification time of '2026-04-03T15:03:03.2564597Z' while content on disk has modification time of '2026-04-03T15:03:37.0797092Z'
  ERROR: Build asset version error: assets/scenes/paddle.cs in SourceAssetDB has modification time of '2026-04-03T15:03:03.2564597Z' while content on disk has modification time of '2026-04-03T15:03:37.0797092Z'
Number of updated asset objects reloaded before import = 0Number of asset objects unloaded after import = 0

========================================================================
Received Import Request.
  Time since last request: 0.000023 seconds.
  path: Assets/Scenes/Paddle.cs
  artifactKey: Guid(68c1c49e2364bbb4d93898ff2f348a28) Importer(815301076,1909f56bfc062723c751e8b465ee728b)
Start importing Assets/Scenes/Paddle.cs using Guid(68c1c49e2364bbb4d93898ff2f348a28) Importer(815301076,1909f56bfc062723c751e8b465ee728b) (PreviewImporter) -> (artifact id: '00000000000000000000000000000000') in 0.0019007 seconds
Import Error Code:(4)
Message: Build asset version error: assets/scenes/paddle.cs in SourceAssetDB has modification time of '2026-04-03T15:03:03.2564597Z' while content on disk has modification time of '2026-04-03T15:03:37.0797092Z'
  ERROR: Build asset version error: assets/scenes/paddle.cs in SourceAssetDB has modification time of '2026-04-03T15:03:03.2564597Z' while content on disk has modification time of '2026-04-03T15:03:37.0797092Z'
Number of updated asset objects reloaded before import = 0Number of asset objects unloaded after import = 0

========================================================================
Received Import Request.
  Time since last request: 0.000055 seconds.
  path: Assets/Scenes/Paddle.cs
  artifactKey: Guid(68c1c49e2364bbb4d93898ff2f348a28) Importer(815301076,1909f56bfc062723c751e8b465ee728b)
Start importing Assets/Scenes/Paddle.cs using Guid(68c1c49e2364bbb4d93898ff2f348a28) Importer(815301076,1909f56bfc062723c751e8b465ee728b) (PreviewImporter) -> (artifact id: '00000000000000000000000000000000') in 0.0022808 seconds
Import Error Code:(4)
Message: Build asset version error: assets/scenes/paddle.cs in SourceAssetDB has modification time of '2026-04-03T15:03:03.2564597Z' while content on disk has modification time of '2026-04-03T15:03:37.0797092Z'
  ERROR: Build asset version error: assets/scenes/paddle.cs in SourceAssetDB has modification time of '2026-04-03T15:03:03.2564597Z' while content on disk has modification time of '2026-04-03T15:03:37.0797092Z'
Number of updated asset objects reloaded before import = 0Number of asset objects unloaded after import = 0

========================================================================
Received Import Request.
  Time since last request: 0.000235 seconds.
  path: Assets/Scenes/Paddle.cs
  artifactKey: Guid(68c1c49e2364bbb4d93898ff2f348a28) Importer(815301076,1909f56bfc062723c751e8b465ee728b)
Start importing Assets/Scenes/Paddle.cs using Guid(68c1c49e2364bbb4d93898ff2f348a28) Importer(815301076,1909f56bfc062723c751e8b465ee728b) (PreviewImporter) -> (artifact id: '00000000000000000000000000000000') in 0.0017887 seconds
Import Error Code:(4)
Message: Build asset version error: assets/scenes/paddle.cs in SourceAssetDB has modification time of '2026-04-03T15:03:03.2564597Z' while content on disk has modification time of '2026-04-03T15:03:37.0797092Z'
  ERROR: Build asset version error: assets/scenes/paddle.cs in SourceAssetDB has modification time of '2026-04-03T15:03:03.2564597Z' while content on disk has modification time of '2026-04-03T15:03:37.0797092Z'
Number of updated asset objects reloaded before import = 0Number of asset objects unloaded after import = 0

========================================================================
Received Import Request.
  Time since last request: 0.000046 seconds.
  path: Assets/Scenes/Paddle.cs
  artifactKey: Guid(68c1c49e2364bbb4d93898ff2f348a28) Importer(815301076,1909f56bfc062723c751e8b465ee728b)
Start importing Assets/Scenes/Paddle.cs using Guid(68c1c49e2364bbb4d93898ff2f348a28) Importer(815301076,1909f56bfc062723c751e8b465ee728b) (PreviewImporter) -> (artifact id: '00000000000000000000000000000000') in 0.0018756 seconds
Import Error Code:(4)
Message: Build asset version error: assets/scenes/paddle.cs in SourceAssetDB has modification time of '2026-04-03T15:03:03.2564597Z' while content on disk has modification time of '2026-04-03T15:03:37.0797092Z'
  ERROR: Build asset version error: assets/scenes/paddle.cs in SourceAssetDB has modification time of '2026-04-03T15:03:03.2564597Z' while content on disk has modification time of '2026-04-03T15:03:37.0797092Z'
Number of updated asset objects reloaded before import = 0Number of asset objects unloaded after import = 0

========================================================================
Received Import Request.
  Time since last request: 0.000095 seconds.
  path: Assets/Scenes/Paddle.cs
  artifactKey: Guid(68c1c49e2364bbb4d93898ff2f348a28) Importer(815301076,1909f56bfc062723c751e8b465ee728b)
Start importing Assets/Scenes/Paddle.cs using Guid(68c1c49e2364bbb4d93898ff2f348a28) Importer(815301076,1909f56bfc062723c751e8b465ee728b) (PreviewImporter) -> (artifact id: '469ea061c5aa7f0b5003eea8f083db45') in 0.000586 seconds
Number of updated asset objects reloaded before import = 0Number of asset objects unloaded after import = 0

========================================================================
Received Prepare
Begin MonoManager ReloadAssembly
- Loaded All Assemblies, in  2.867 seconds
Refreshing native plugins compatible for Editor in 0.90 ms, found 4 plugins.
Native extension for WindowsStandalone target not found
Native extension for WebGL target not found
[Package Manager] Failed to launch server process. Reason: Unity was launched with the -noUpm command-line argument
[Package Manager] Unable to send message (not connected to server process).
[Package Manager] Cannot connect to Unity Package Manager local server
ScheduleIndexationOnStartup MainProcess:False IndexOnStartup:True
Mono: successfully reloaded assembly
- Finished resetting the current domain, in  0.717 seconds
Domain Reload Profiling: 3561ms
	BeginReloadAssembly (860ms)
		ExecutionOrderSort (0ms)
		DisableScriptedObjects (13ms)
		BackupInstance (0ms)
		ReleaseScriptingObjects (1ms)
		CreateAndSetChildDomain (208ms)
	RebuildCommonClasses (174ms)
	RebuildNativeTypeToScriptingClass (72ms)
	initialDomainReloadingComplete (154ms)
	LoadAllAssembliesAndSetupDomain (1583ms)
		LoadAssemblies (1687ms)
		RebuildTransferFunctionScriptingTraits (0ms)
		AnalyzeDomain (349ms)
			TypeCache.Refresh (24ms)
				TypeCache.ScanAssembly (0ms)
			BuildScriptInfoCaches (311ms)
			ResolveRequiredComponents (10ms)
	FinalizeReload (718ms)
		ReleaseScriptCaches (0ms)
		RebuildScriptCaches (0ms)
		SetupLoadedEditorAssemblies (566ms)
			LogAssemblyErrors (0ms)
			InitializePlatformSupportModulesInManaged (2ms)
			SetLoadedEditorAssemblies (6ms)
			BeforeProcessingInitializeOnLoad (148ms)
			ProcessInitializeOnLoadAttributes (331ms)
			ProcessInitializeOnLoadMethodAttributes (73ms)
			AfterProcessingInitializeOnLoad (6ms)
			EditorAssembliesLoaded (0ms)
		ExecutionOrderSort2 (0ms)
		AwakeInstancesAfterBackupRestoration (13ms)
Refreshing native plugins compatible for Editor in 0.99 ms, found 4 plugins.
Preloading 0 native plugins for Editor in 0.00 ms.
Unloading 16 Unused Serialized files (Serialized files now loaded: 0)
Unloading 6908 unused Assets / (3.9 MB). Loaded Objects now: 7743.
Memory consumption went from 160.4 MB to 156.5 MB.
Total: 7.485300 ms (FindLiveObjects: 0.504200 ms CreateObjectMapping: 0.508300 ms MarkObjects: 4.898600 ms  DeleteObjects: 1.572400 ms)

Prepare: number of updated asset objects reloaded= 0
========================================================================
Received Import Request.
  Time since last request: 7.730087 seconds.
  path: Assets/Scenes/Paddle.cs
  artifactKey: Guid(68c1c49e2364bbb4d93898ff2f348a28) Importer(815301076,1909f56bfc062723c751e8b465ee728b)
Start importing Assets/Scenes/Paddle.cs using Guid(68c1c49e2364bbb4d93898ff2f348a28) Importer(815301076,1909f56bfc062723c751e8b465ee728b) (PreviewImporter) -> (artifact id: '8e8b27a0c8f4af0fd8bb4b9cfbfe2ed0') in 0.0049858 seconds
Number of updated asset objects reloaded before import = 0Number of asset objects unloaded after import = 0

========================================================================
Received Import Request.
  Time since last request: 1.651677 seconds.
  path: Assets/Scenes/Paddle.cs
  artifactKey: Guid(68c1c49e2364bbb4d93898ff2f348a28) Importer(2089858483,b0f066a214c2f5e87bad3c948f4d605d)
Start importing Assets/Scenes/Paddle.cs using Guid(68c1c49e2364bbb4d93898ff2f348a28) Importer(2089858483,b0f066a214c2f5e87bad3c948f4d605d) (ScriptedImporter) -> (artifact id: 'd3dc3ca86168df9496c402567f20a28f') in 0.0792298 seconds
Number of updated asset objects reloaded before import = 0Number of asset objects unloaded after import = 0

========================================================================
Received Prepare
Refreshing native plugins compatible for Editor in 2.12 ms, found 4 plugins.
Preloading 0 native plugins for Editor in 0.00 ms.
Unloading 16 Unused Serialized files (Serialized files now loaded: 0)
Unloading 6898 unused Assets / (4.0 MB). Loaded Objects now: 7743.
Memory consumption went from 160.6 MB to 156.5 MB.
Total: 12.126200 ms (FindLiveObjects: 1.271200 ms CreateObjectMapping: 1.216900 ms MarkObjects: 7.162300 ms  DeleteObjects: 2.473700 ms)

Prepare: number of updated asset objects reloaded= 0
========================================================================
Received Import Request.
  Time since last request: 4.509381 seconds.
  path: Assets/Scenes/PlayerPaddle.cs
  artifactKey: Guid(68c1c49e2364bbb4d93898ff2f348a28) Importer(815301076,1909f56bfc062723c751e8b465ee728b)
Start importing Assets/Scenes/PlayerPaddle.cs using Guid(68c1c49e2364bbb4d93898ff2f348a28) Importer(815301076,1909f56bfc062723c751e8b465ee728b) (PreviewImporter) -> (artifact id: '28147e7adddf2ad92040e2312edc2fc0') in 0.0219706 seconds
Number of updated asset objects reloaded before import = 0Number of asset objects unloaded after import = 0

========================================================================
Received Import Request.
  Time since last request: 0.000046 seconds.
  path: Assets/Scenes/PlayerPaddle.cs
  artifactKey: Guid(68c1c49e2364bbb4d93898ff2f348a28) Importer(2089858483,b0f066a214c2f5e87bad3c948f4d605d)
Start importing Assets/Scenes/PlayerPaddle.cs using Guid(68c1c49e2364bbb4d93898ff2f348a28) Importer(2089858483,b0f066a214c2f5e87bad3c948f4d605d) (ScriptedImporter) -> (artifact id: '833ea3c9400bccfb7ae8ab962f4104af') in 0.0327111 seconds
Number of updated asset objects reloaded before import = 0Number of asset objects unloaded after import = 0

========================================================================
Received Prepare
Begin MonoManager ReloadAssembly
[Licensing::Client] Successfully resolved entitlement details
- Loaded All Assemblies, in  1.663 seconds
Refreshing native plugins compatible for Editor in 0.95 ms, found 4 plugins.
Native extension for WindowsStandalone target not found
Native extension for WebGL target not found
[Package Manager] Failed to launch server process. Reason: Unity was launched with the -noUpm command-line argument
[Package Manager] Unable to send message (not connected to server process).
[Package Manager] Cannot connect to Unity Package Manager local server
ScheduleIndexationOnStartup MainProcess:False IndexOnStartup:True
Mono: successfully reloaded assembly
- Finished resetting the current domain, in  0.713 seconds
Domain Reload Profiling: 2379ms
	BeginReloadAssembly (562ms)
		ExecutionOrderSort (0ms)
		DisableScriptedObjects (45ms)
		BackupInstance (0ms)
		ReleaseScriptingObjects (1ms)
		CreateAndSetChildDomain (165ms)
	RebuildCommonClasses (34ms)
	RebuildNativeTypeToScriptingClass (12ms)
	initialDomainReloadingComplete (26ms)
	LoadAllAssembliesAndSetupDomain (1031ms)
		LoadAssemblies (1024ms)
		RebuildTransferFunctionScriptingTraits (0ms)
		AnalyzeDomain (213ms)
			TypeCache.Refresh (14ms)
				TypeCache.ScanAssembly (0ms)
			BuildScriptInfoCaches (185ms)
			ResolveRequiredComponents (9ms)
	FinalizeReload (714ms)
		ReleaseScriptCaches (0ms)
		RebuildScriptCaches (0ms)
		SetupLoadedEditorAssemblies (560ms)
			LogAssemblyErrors (0ms)
			InitializePlatformSupportModulesInManaged (3ms)
			SetLoadedEditorAssemblies (5ms)
			BeforeProcessingInitializeOnLoad (154ms)
			ProcessInitializeOnLoadAttributes (318ms)
			ProcessInitializeOnLoadMethodAttributes (74ms)
			AfterProcessingInitializeOnLoad (6ms)
			EditorAssembliesLoaded (0ms)
		ExecutionOrderSort2 (0ms)
		AwakeInstancesAfterBackupRestoration (13ms)
Refreshing native plugins compatible for Editor in 0.93 ms, found 4 plugins.
Preloading 0 native plugins for Editor in 0.00 ms.
Unloading 16 Unused Serialized files (Serialized files now loaded: 0)
Unloading 6908 unused Assets / (3.5 MB). Loaded Objects now: 7746.
Memory consumption went from 160.4 MB to 156.8 MB.
Total: 8.322100 ms (FindLiveObjects: 0.799400 ms CreateObjectMapping: 0.580100 ms MarkObjects: 5.079100 ms  DeleteObjects: 1.862500 ms)

Prepare: number of updated asset objects reloaded= 0
========================================================================
Received Prepare
Begin MonoManager ReloadAssembly
[Licensing::Client] Successfully resolved entitlement details
- Loaded All Assemblies, in  0.736 seconds
Refreshing native plugins compatible for Editor in 0.96 ms, found 4 plugins.
Native extension for WindowsStandalone target not found
Native extension for WebGL target not found
[Package Manager] Failed to launch server process. Reason: Unity was launched with the -noUpm command-line argument
[Package Manager] Unable to send message (not connected to server process).
[Package Manager] Cannot connect to Unity Package Manager local server
ScheduleIndexationOnStartup MainProcess:False IndexOnStartup:True
Mono: successfully reloaded assembly
- Finished resetting the current domain, in  0.642 seconds
Domain Reload Profiling: 1379ms
	BeginReloadAssembly (214ms)
		ExecutionOrderSort (0ms)
		DisableScriptedObjects (15ms)
		BackupInstance (0ms)
		ReleaseScriptingObjects (0ms)
		CreateAndSetChildDomain (46ms)
	RebuildCommonClasses (42ms)
	RebuildNativeTypeToScriptingClass (13ms)
	initialDomainReloadingComplete (32ms)
	LoadAllAssembliesAndSetupDomain (436ms)
		LoadAssemblies (328ms)
		RebuildTransferFunctionScriptingTraits (0ms)
		AnalyzeDomain (199ms)
			TypeCache.Refresh (11ms)
				TypeCache.ScanAssembly (0ms)
			BuildScriptInfoCaches (175ms)
			ResolveRequiredComponents (10ms)
	FinalizeReload (642ms)
		ReleaseScriptCaches (0ms)
		RebuildScriptCaches (0ms)
		SetupLoadedEditorAssemblies (503ms)
			LogAssemblyErrors (0ms)
			InitializePlatformSupportModulesInManaged (2ms)
			SetLoadedEditorAssemblies (5ms)
			BeforeProcessingInitializeOnLoad (129ms)
			ProcessInitializeOnLoadAttributes (294ms)
			ProcessInitializeOnLoadMethodAttributes (66ms)
			AfterProcessingInitializeOnLoad (6ms)
			EditorAssembliesLoaded (0ms)
		ExecutionOrderSort2 (0ms)
		AwakeInstancesAfterBackupRestoration (13ms)
Refreshing native plugins compatible for Editor in 1.16 ms, found 4 plugins.
Preloading 0 native plugins for Editor in 0.00 ms.
Unloading 16 Unused Serialized files (Serialized files now loaded: 0)
Unloading 6908 unused Assets / (3.8 MB). Loaded Objects now: 7749.
Memory consumption went from 160.5 MB to 156.7 MB.
Total: 7.870400 ms (FindLiveObjects: 0.948200 ms CreateObjectMapping: 0.532300 ms MarkObjects: 4.831700 ms  DeleteObjects: 1.557200 ms)

Prepare: number of updated asset objects reloaded= 0
========================================================================
Received Import Request.
  Time since last request: 76.571370 seconds.
  path: Assets/Scenes/PlayerPaddle.cs
  artifactKey: Guid(68c1c49e2364bbb4d93898ff2f348a28) Importer(815301076,1909f56bfc062723c751e8b465ee728b)
Start importing Assets/Scenes/PlayerPaddle.cs using Guid(68c1c49e2364bbb4d93898ff2f348a28) Importer(815301076,1909f56bfc062723c751e8b465ee728b) (PreviewImporter) -> (artifact id: '362243b8da796da4900c5fea62372662') in 0.0117272 seconds
Number of updated asset objects reloaded before import = 0Number of asset objects unloaded after import = 0

========================================================================
Received Import Request.
  Time since last request: 7.573807 seconds.
  path: Assets/Scenes/PlayerPaddle.cs
  artifactKey: Guid(68c1c49e2364bbb4d93898ff2f348a28) Importer(2089858483,b0f066a214c2f5e87bad3c948f4d605d)
Start importing Assets/Scenes/PlayerPaddle.cs using Guid(68c1c49e2364bbb4d93898ff2f348a28) Importer(2089858483,b0f066a214c2f5e87bad3c948f4d605d) (ScriptedImporter) -> (artifact id: 'cc973e07ebe7bdad21b3d74355c9c1de') in 0.0703086 seconds
Number of updated asset objects reloaded before import = 0Number of asset objects unloaded after import = 0

========================================================================
Received Prepare
Refreshing native plugins compatible for Editor in 0.78 ms, found 4 plugins.
Preloading 0 native plugins for Editor in 0.00 ms.
Unloading 16 Unused Serialized files (Serialized files now loaded: 0)
Unloading 6899 unused Assets / (3.9 MB). Loaded Objects now: 7750.
Memory consumption went from 160.7 MB to 156.8 MB.
Total: 7.594500 ms (FindLiveObjects: 0.506800 ms CreateObjectMapping: 0.498500 ms MarkObjects: 4.852300 ms  DeleteObjects: 1.735600 ms)

Prepare: number of updated asset objects reloaded= 0
========================================================================
Received Import Request.
  Time since last request: 3.674689 seconds.
  path: Assets/Scenes/AIPaddle.cs
  artifactKey: Guid(520e104caec22a741aa59462c9efc2e1) Importer(815301076,1909f56bfc062723c751e8b465ee728b)
Start importing Assets/Scenes/AIPaddle.cs using Guid(520e104caec22a741aa59462c9efc2e1) Importer(815301076,1909f56bfc062723c751e8b465ee728b) (PreviewImporter) -> (artifact id: 'ee37ad38e3169053733adab27c0d31d9') in 0.0035936 seconds
Number of updated asset objects reloaded before import = 0Number of asset objects unloaded after import = 0

========================================================================
Received Import Request.
  Time since last request: 0.523578 seconds.
  path: Assets/Scenes/AIPaddle.cs
  artifactKey: Guid(520e104caec22a741aa59462c9efc2e1) Importer(2089858483,b0f066a214c2f5e87bad3c948f4d605d)
Start importing Assets/Scenes/AIPaddle.cs using Guid(520e104caec22a741aa59462c9efc2e1) Importer(2089858483,b0f066a214c2f5e87bad3c948f4d605d) (ScriptedImporter) -> (artifact id: 'b43430b4682f85299c3a1fde3cff1307') in 0.0236905 seconds
Number of updated asset objects reloaded before import = 0Number of asset objects unloaded after import = 0

========================================================================
Received Prepare
Begin MonoManager ReloadAssembly
- Loaded All Assemblies, in  0.666 seconds
Refreshing native plugins compatible for Editor in 0.82 ms, found 4 plugins.
Native extension for WindowsStandalone target not found
Native extension for WebGL target not found
[Package Manager] Failed to launch server process. Reason: Unity was launched with the -noUpm command-line argument
[Package Manager] Unable to send message (not connected to server process).
[Package Manager] Cannot connect to Unity Package Manager local server
ScheduleIndexationOnStartup MainProcess:False IndexOnStartup:True
Mono: successfully reloaded assembly
- Finished resetting the current domain, in  0.724 seconds
Domain Reload Profiling: 1391ms
	BeginReloadAssembly (197ms)
		ExecutionOrderSort (0ms)
		DisableScriptedObjects (11ms)
		BackupInstance (0ms)
		ReleaseScriptingObjects (0ms)
		CreateAndSetChildDomain (45ms)
	RebuildCommonClasses (32ms)
	RebuildNativeTypeToScriptingClass (14ms)
	initialDomainReloadingComplete (26ms)
	LoadAllAssembliesAndSetupDomain (399ms)
		LoadAssemblies (299ms)
		RebuildTransferFunctionScriptingTraits (0ms)
		AnalyzeDomain (189ms)
			TypeCache.Refresh (10ms)
				TypeCache.ScanAssembly (0ms)
			BuildScriptInfoCaches (165ms)
			ResolveRequiredComponents (9ms)
	FinalizeReload (724ms)
		ReleaseScriptCaches (0ms)
		RebuildScriptCaches (0ms)
		SetupLoadedEditorAssemblies (570ms)
			LogAssemblyErrors (0ms)
			InitializePlatformSupportModulesInManaged (3ms)
			SetLoadedEditorAssemblies (5ms)
			BeforeProcessingInitializeOnLoad (154ms)
			ProcessInitializeOnLoadAttributes (331ms)
			ProcessInitializeOnLoadMethodAttributes (71ms)
			AfterProcessingInitializeOnLoad (6ms)
			EditorAssembliesLoaded (0ms)
		ExecutionOrderSort2 (0ms)
		AwakeInstancesAfterBackupRestoration (14ms)
Refreshing native plugins compatible for Editor in 1.04 ms, found 4 plugins.
Preloading 0 native plugins for Editor in 0.00 ms.
Unloading 16 Unused Serialized files (Serialized files now loaded: 0)
Unloading 6909 unused Assets / (4.0 MB). Loaded Objects now: 7753.
Memory consumption went from 160.5 MB to 156.5 MB.
Total: 8.674400 ms (FindLiveObjects: 0.545400 ms CreateObjectMapping: 0.540900 ms MarkObjects: 5.677600 ms  DeleteObjects: 1.909000 ms)

Prepare: number of updated asset objects reloaded= 0
========================================================================
Received Prepare
Begin MonoManager ReloadAssembly
[Licensing::Client] Successfully resolved entitlement details
- Loaded All Assemblies, in  0.684 seconds
Refreshing native plugins compatible for Editor in 1.13 ms, found 4 plugins.
Native extension for WindowsStandalone target not found
Native extension for WebGL target not found
[Package Manager] Failed to launch server process. Reason: Unity was launched with the -noUpm command-line argument
[Package Manager] Unable to send message (not connected to server process).
[Package Manager] Cannot connect to Unity Package Manager local server
ScheduleIndexationOnStartup MainProcess:False IndexOnStartup:True
Mono: successfully reloaded assembly
- Finished resetting the current domain, in  0.719 seconds
Domain Reload Profiling: 1405ms
	BeginReloadAssembly (206ms)
		ExecutionOrderSort (0ms)
		DisableScriptedObjects (13ms)
		BackupInstance (0ms)
		ReleaseScriptingObjects (0ms)
		CreateAndSetChildDomain (46ms)
	RebuildCommonClasses (31ms)
	RebuildNativeTypeToScriptingClass (12ms)
	initialDomainReloadingComplete (26ms)
	LoadAllAssembliesAndSetupDomain (410ms)
		LoadAssemblies (302ms)
		RebuildTransferFunctionScriptingTraits (0ms)
		AnalyzeDomain (195ms)
			TypeCache.Refresh (11ms)
				TypeCache.ScanAssembly (0ms)
			BuildScriptInfoCaches (169ms)
			ResolveRequiredComponents (9ms)
	FinalizeReload (719ms)
		ReleaseScriptCaches (0ms)
		RebuildScriptCaches (0ms)
		SetupLoadedEditorAssemblies (577ms)
			LogAssemblyErrors (0ms)
			InitializePlatformSupportModulesInManaged (2ms)
			SetLoadedEditorAssemblies (5ms)
			BeforeProcessingInitializeOnLoad (148ms)
			ProcessInitializeOnLoadAttributes (340ms)
			ProcessInitializeOnLoadMethodAttributes (76ms)
			AfterProcessingInitializeOnLoad (6ms)
			EditorAssembliesLoaded (0ms)
		ExecutionOrderSort2 (0ms)
		AwakeInstancesAfterBackupRestoration (14ms)
Refreshing native plugins compatible for Editor in 0.98 ms, found 4 plugins.
Preloading 0 native plugins for Editor in 0.00 ms.
Unloading 16 Unused Serialized files (Serialized files now loaded: 0)
Unloading 6909 unused Assets / (3.8 MB). Loaded Objects now: 7756.
Memory consumption went from 160.6 MB to 156.7 MB.
Total: 8.266400 ms (FindLiveObjects: 0.643600 ms CreateObjectMapping: 0.936600 ms MarkObjects: 5.055800 ms  DeleteObjects: 1.628900 ms)

Prepare: number of updated asset objects reloaded= 0
========================================================================
Received Import Request.
  Time since last request: 408.865525 seconds.
  path: Assets/Scenes/AIPaddle.cs
  artifactKey: Guid(520e104caec22a741aa59462c9efc2e1) Importer(815301076,1909f56bfc062723c751e8b465ee728b)
Start importing Assets/Scenes/AIPaddle.cs using Guid(520e104caec22a741aa59462c9efc2e1) Importer(815301076,1909f56bfc062723c751e8b465ee728b) (PreviewImporter) -> (artifact id: '6f0e7864ad0dd43cd0b07c6f16fe57b7') in 0.0132038 seconds
Number of updated asset objects reloaded before import = 0Number of asset objects unloaded after import = 0

========================================================================
Received Prepare
Begin MonoManager ReloadAssembly
[Licensing::Client] Successfully resolved entitlement details
- Loaded All Assemblies, in  0.663 seconds
Refreshing native plugins compatible for Editor in 0.87 ms, found 4 plugins.
Native extension for WindowsStandalone target not found
Native extension for WebGL target not found
[Package Manager] Failed to launch server process. Reason: Unity was launched with the -noUpm command-line argument
[Package Manager] Unable to send message (not connected to server process).
[Package Manager] Cannot connect to Unity Package Manager local server
ScheduleIndexationOnStartup MainProcess:False IndexOnStartup:True
Mono: successfully reloaded assembly
- Finished resetting the current domain, in  0.653 seconds
Domain Reload Profiling: 1318ms
	BeginReloadAssembly (196ms)
		ExecutionOrderSort (0ms)
		DisableScriptedObjects (12ms)
		BackupInstance (0ms)
		ReleaseScriptingObjects (0ms)
		CreateAndSetChildDomain (46ms)
	RebuildCommonClasses (31ms)
	RebuildNativeTypeToScriptingClass (11ms)
	initialDomainReloadingComplete (25ms)
	LoadAllAssembliesAndSetupDomain (401ms)
		LoadAssemblies (298ms)
		RebuildTransferFunctionScriptingTraits (0ms)
		AnalyzeDomain (189ms)
			TypeCache.Refresh (8ms)
				TypeCache.ScanAssembly (0ms)
			BuildScriptInfoCaches (166ms)
			ResolveRequiredComponents (10ms)
	FinalizeReload (654ms)
		ReleaseScriptCaches (0ms)
		RebuildScriptCaches (0ms)
		SetupLoadedEditorAssemblies (512ms)
			LogAssemblyErrors (0ms)
			InitializePlatformSupportModulesInManaged (2ms)
			SetLoadedEditorAssemblies (6ms)
			BeforeProcessingInitializeOnLoad (133ms)
			ProcessInitializeOnLoadAttributes (289ms)
			ProcessInitializeOnLoadMethodAttributes (74ms)
			AfterProcessingInitializeOnLoad (6ms)
			EditorAssembliesLoaded (1ms)
		ExecutionOrderSort2 (0ms)
		AwakeInstancesAfterBackupRestoration (15ms)
Refreshing native plugins compatible for Editor in 1.41 ms, found 4 plugins.
Preloading 0 native plugins for Editor in 0.00 ms.
Unloading 16 Unused Serialized files (Serialized files now loaded: 0)
Unloading 6909 unused Assets / (4.8 MB). Loaded Objects now: 7759.
Memory consumption went from 160.6 MB to 155.8 MB.
Total: 9.108400 ms (FindLiveObjects: 0.622400 ms CreateObjectMapping: 0.560200 ms MarkObjects: 5.383700 ms  DeleteObjects: 2.540400 ms)

Prepare: number of updated asset objects reloaded= 0
